pdb_id,chain_id
1A9U,A
1AD5,A
1AD5,B
1AGW,A
1AGW,B
1AQ1,A
1ATP,E
1B38,A
1B39,A
1BKX,A
1BL6,A
1BL7,A
1BMK,A
1BX6,A
1BYG,A
1CDK,A
1CDK,B
1CKJ,A
1CKJ,B
1CKP,A
1CM8,A
1CM8,B
1CSN,A
1DAW,A
1DAY,A
1DI8,A
1DI9,A
1DM2,A
1DS5,A
1DS5,B
1DS5,C
1DS5,D
1E1V,A
1E1X,A
1E9H,A
1E9H,C
1EH4,A
1EH4,B
1F0Q,A
1FGI,A
1FGI,B
1FIN,A
1FIN,C
1FMO,E
1FPU,A
1FPU,B
1FQ1,B
1FVT,A
1FVV,A
1FVV,C
1G5S,A
1GIH,A
1GII,A
1GIJ,A
1GOL,A
1GY3,A
1GY3,C
1GZ8,A
1H00,A
1H01,A
1H07,A
1H08,A
1H0V,A
1H0W,A
1H1P,A
1H1P,C
1H1Q,A
1H1Q,C
1H1R,A
1H1R,C
1H1S,A
1H1S,C
1H1W,A
1HCK,A
1I44,A
1IEP,A
1IEP,B
1IG1,A
1IR3,A
1J1B,A
1J1B,B
1J1C,A
1J1C,B
1J91,A
1J91,B
1JBP,E
1JKK,A
1JKL,A
1JNK,A
1JPA,A
1JPA,B
1JQH,A
1JQH,B
1JQH,C
1JST,A
1JST,C
1JSV,A
1JVP,P
1JWH,A
1K3A,A
1KE5,A
1KE6,A
1KE7,A
1KE8,A
1KE9,A
1KSW,A
1KV1,A
1KV2,A
1L3R,E
1LP4,A
1M17,A
1M2P,A
1M2Q,A
1M2R,A
1M52,A
1M52,B
1M7Q,A
1MP8,A
1MQ4,A
1MQB,A
1MQB,B
1MRU,A
1MRU,B
1MUO,A
1NVQ,A
1NVR,A
1NVS,A
1NXK,A
1NXK,B
1NXK,C
1NXK,D
1NY3,A
1O6K,A
1O6L,A
1O6Y,A
1O9U,A
1OEC,A
1OGU,A
1OGU,C
1OI9,A
1OI9,C
1OIQ,A
1OIR,A
1OIT,A
1OIU,A
1OIU,C
1OIY,A
1OIY,C
1OKY,A
1OKZ,A
1OL5,A
1OL6,A
1OL7,A
1OM1,A
1OPJ,A
1OPJ,B
1OPK,A
1OPL,A
1OPL,B
1OUK,A
1OUY,A
1OVE,A
1OZ1,A
1P2A,A
1P4F,A
1P5E,A
1P5E,C
1PF8,A
1PHK,A
1PJK,A
1PKD,A
1PKD,C
1PKG,A
1PKG,B
1PME,A
1PMN,A
1PMU,A
1PMV,A
1PXI,A
1PXJ,A
1PXK,A
1PXL,A
1PXM,A
1PXN,A
1PXO,A
1PXP,A
1PY5,A
1PYE,A
1PYX,A
1PYX,B
1Q24,A
1Q3D,A
1Q3D,B
1Q3W,A
1Q3W,B
1Q41,A
1Q41,B
1Q4L,A
1Q4L,B
1Q5K,A
1Q5K,B
1Q8T,A
1Q8U,A
1Q8W,A
1Q8Y,A
1Q8Y,B
1Q97,A
1Q97,B
1Q99,A
1Q99,B
1QCF,A
1QL6,A
1QMZ,A
1QMZ,C
1QPC,A
1QPD,A
1QPE,A
1QPJ,A
1R0E,A
1R0E,B
1R0P,A
1R78,A
1RDQ,E
1RE8,A
1REJ,A
1REK,A
1RW8,A
1S9I,A
1S9I,B
1S9J,A
1SM2,A
1SM2,B
1SNU,A
1SNU,B
1STC,E
1SVE,A
1SVG,A
1SVH,A
1SZM,A
1SZM,B
1T46,A
1TVO,A
1U4D,A
1U4D,B
1U54,A
1U54,B
1U59,A
1U5R,A
1U5R,B
1UA2,A
1UA2,B
1UA2,C
1UA2,D
1UKI,A
1UNG,A
1UNG,B
1UNH,A
1UNH,B
1UNL,A
1URW,A
1UU3,A
1UU7,A
1UU8,A
1UU9,A
1UV5,A
1UVR,A
1UWH,A
1UWH,B
1UWJ,A
1UWJ,B
1V0O,A
1V0O,B
1V0P,A
1V0P,B
1V1K,A
1VEB,A
1VJY,A
1VYW,A
1VYW,C
1VYZ,A
1W0X,C
1W7H,A
1W82,A
1W83,A
1W84,A
1W8C,A
1WBN,A
1WBO,A
1WBP,A
1WBS,A
1WBT,A
1WBV,A
1WBW,A
1WCC,A
1WVX,A
1WVY,A
1WZY,A
1X8B,A
1XBB,A
1XBC,A
1XH4,A
1XH5,A
1XH6,A
1XH7,A
1XH8,A
1XH9,A
1XHA,A
1XJD,A
1XKK,A
1XO2,B
1XR1,A
1XWS,A
1Y57,A
1Y6A,A
1Y6B,A
1Y8Y,A
1Y91,A
1YDR,E
1YDS,E
1YDT,E
1YHS,A
1YI3,A
1YI4,A
1YKR,A
1YOL,A
1YOL,B
1YOM,A
1YOM,B
1YQJ,A
1YVJ,A
1YW2,A
1YWN,A
1YWR,A
1YXT,A
1YXU,A
1YXU,B
1YXU,C
1YXU,D
1YXV,A
1YXX,A
1Z57,A
1Z5M,A
1ZLT,A
1ZOE,A
1ZOG,A
1ZOH,A
1ZRZ,A
1ZY5,A
1ZY5,B
1ZYD,A
1ZYD,B
1ZYJ,A
1ZYS,A
1ZZ2,A
1ZZL,A
2A0C,X
2A19,B
2A19,C
2A4L,A
2ACX,A
2ACX,B
2AYP,A
2B1P,A
2B52,A
2B53,A
2B54,A
2B55,A
2B7A,A
2B7A,B
2B9F,A
2B9H,A
2B9I,A
2B9J,A
2BAJ,A
2BAK,A
2BAL,A
2BAQ,A
2BDF,A
2BDF,B
2BDJ,A
2BFY,A
2BFY,B
2BHE,A
2BHH,A
2BIK,B
2BIL,B
2BIY,A
2BKZ,A
2BKZ,C
2BMC,A
2BMC,B
2BMC,C
2BMC,D
2BMC,E
2BMC,F
2BPM,A
2BPM,C
2BR1,A
2BRB,A
2BRG,A
2BRH,A
2BRM,A
2BRN,A
2BRO,A
2BTR,A
2BTS,A
2BUJ,A
2BUJ,B
2BZH,B
2BZI,B
2BZJ,A
2BZK,B
2C0I,A
2C0I,B
2C0O,A
2C0O,B
2C0T,A
2C0T,B
2C1A,A
2C1B,A
2C3I,B
2C3J,A
2C3K,A
2C3L,A
2C47,A
2C47,B
2C47,C
2C47,D
2C4G,A
2C4G,C
2C5N,A
2C5N,C
2C5O,A
2C5O,C
2C5V,A
2C5V,C
2C5X,A
2C5X,C
2C5Y,A
2C68,A
2C69,A
2C6D,A
2C6E,A
2C6E,B
2C6I,A
2C6K,A
2C6L,A
2C6M,A
2C6O,A
2C6T,A
2C6T,C
2CCH,A
2CCH,C
2CCI,A
2CCI,C
2CDZ,A
2CGU,A
2CGV,A
2CGW,A
2CGX,A
2CHL,A
2CJM,A
2CJM,C
2CKE,A
2CKE,B
2CKE,C
2CKE,D
2CLQ,A
2CLQ,B
2CLX,A
2CMW,A
2CN5,A
2CN8,A
2CSN,A
2DQ7,X
2DS1,A
2DUV,A
2DWB,A
2E2B,A
2E2B,B
2E9N,A
2E9O,A
2E9P,A
2E9U,A
2E9V,A
2E9V,B
2EB3,A
2ERZ,E
2ESM,A
2ESM,B
2ETK,A
2ETK,B
2ETM,A
2ETM,B
2ETR,A
2ETR,B
2EUF,B
2EVA,A
2EWA,A
2EXC,X
2EXM,A
2F2C,B
2F2U,A
2F2U,B
2F4J,A
2F57,B
2F7E,E
2F7X,E
2F7Z,E
2F9G,A
2FB8,A
2FB8,B
2FGI,A
2FGI,B
2FO0,A
2FUM,A
2FUM,B
2FUM,C
2FUM,D
2FVD,A
2G01,A
2G01,B
2G2F,B
2G2H,A
2G2H,B
2G2I,A
2G2I,B
2G9X,A
2G9X,C
2GCD,A
2GCD,B
2GDO,A
2GFS,A
2GHG,A
2GHL,A
2GHM,A
2GMX,A
2GMX,B
2GNF,A
2GNH,A
2GNI,A
2GNJ,A
2GNL,A
2GQG,A
2GQG,B
2GS7,A
2GS7,B
2GTM,A
2GTN,A
2GU8,A
2H8H,A
2H96,A
2H96,B
2H9V,A
2HCK,A
2HCK,B
2HEN,A
2HEN,B
2HEN,C
2HEN,D
2HIW,A
2HIW,B
2HK5,A
2HOG,A
2HW7,A
2HWO,A
2HWO,B
2HWP,A
2HWP,B
2HXL,A
2HXQ,A
2HY0,A
2HY8,1
2HYY,A
2HYY,B
2HYY,C
2HYY,D
2HZ0,A
2HZ0,B
2HZ4,A
2HZ4,B
2HZ4,C
2HZI,A
2HZI,B
2HZN,A
2I0E,A
2I0E,B
2I0H,A
2I0V,A
2I0Y,A
2I1M,A
2I40,A
2I40,C
2IJM,A
2IJM,B
2IN6,A
2IO6,A
2ITN,A
2ITO,A
2ITP,A
2ITQ,A
2ITT,A
2ITU,A
2ITV,A
2ITW,A
2ITX,A
2ITY,A
2ITZ,A
2IVS,A
2IVS,B
2IVT,A
2IVU,A
2IVV,A
2IW6,A
2IW6,C
2IW8,A
2IW8,C
2IW9,A
2IW9,C
2IWI,A
2IWI,B
2IZR,A
2IZS,A
2IZT,A
2IZU,A
2J0J,A
2J0K,A
2J0K,B
2J0L,A
2J0M,B
2J2I,B
2J4Z,A
2J4Z,B
2J50,A
2J50,B
2J51,A
2J5F,A
2J6M,A
2J7T,A
2J90,A
2J90,B
2J9M,A
2JAM,A
2JAM,B
2JAV,A
2JBO,A
2JBP,A
2JBP,B
2JBP,C
2JBP,D
2JBP,E
2JBP,F
2JBP,G
2JBP,H
2JBP,I
2JBP,K
2JBP,L
2JC6,A
2JC6,C
2JDO,A
2JDR,A
2JDS,A
2JDT,A
2JDV,A
2JED,A
2JED,B
2JFL,A
2JIU,A
2JIV,A
2JIV,B
2JKK,A
2JKM,A
2JKO,A
2JKQ,A
2JLD,A
2JLD,B
2NO3,A
2NO3,B
2NP8,A
2NRU,A
2NRU,B
2NRU,C
2NRU,D
2NRY,A
2NRY,B
2NRY,C
2NRY,D
2O0U,A
2O2U,A
2O3P,A
2O5K,A
2O63,A
2O64,A
2O65,A
2OBJ,A
2OF2,A
2OF4,A
2OFU,A
2OFV,A
2OFV,B
2OG8,A
2OG8,B
2OH0,E
2OH4,A
2OI4,X
2OIC,A
2OIC,B
2OIC,C
2OIC,D
2OID,A
2OID,B
2OID,C
2OID,D
2OIQ,A
2OJ9,A
2OJF,E
2OJG,A
2OJI,A
2OJJ,A
2OK1,A
2OO8,X
2OSC,A
2OU7,A
2OW3,A
2OW3,B
2OWB,A
2OXD,A
2OXX,A
2OXY,A
2OXY,B
2OZO,A
2P0C,A
2P0C,B
2P2H,A
2P2I,A
2P2I,B
2P33,A
2P3G,X
2P4I,A
2P4I,B
2P55,A
2PE0,A
2PE1,A
2PE2,A
2PHK,A
2PL0,A
2PMI,A
2PML,X
2PMN,X
2PMO,X
2PUU,A
2PVF,A
2PVH,A
2PVJ,A
2PVK,A
2PVL,A
2PVM,A
2PVN,A
2PVR,A
2PVY,A
2PVY,B
2PVY,C
2PVY,D
2PWL,A
2PWL,B
2PY3,A
2PY3,B
2PZ5,A
2PZ5,B
2PZI,A
2PZI,B
2PZP,A
2PZP,B
2PZR,A
2PZR,B
2PZY,A
2PZY,B
2PZY,C
2Q0B,A
2Q0B,B
2QC6,A
2QCS,A
2QD9,A
2QHM,A
2QHN,A
2QKR,A
2QLQ,A
2QLQ,B
2QLU,A
2QO7,A
2QO9,A
2QOC,A
2QOH,A
2QOH,B
2QOQ,A
2QQ7,A
2QQ7,B
2QU5,A
2QU6,A
2QU6,B
2R0U,A
2R3F,A
2R3G,A
2R3H,A
2R3I,A
2R3J,A
2R3K,A
2R3L,A
2R3M,A
2R3N,A
2R3O,A
2R3P,A
2R3Q,A
2R3R,A
2R4B,A
2R4B,B
2R5T,A
2R64,A
2R7B,A
2R9S,A
2R9S,B
2RFN,A
2RFN,B
2RFS,A
2RG5,A
2RG6,A
2RGP,A
2RIO,A
2RIO,B
2RKU,A
2RL5,A
2SRC,A
2UUE,A
2UUE,C
2UV2,A
2UVX,A
2UVY,A
2UVZ,A
2UW0,A
2UW3,A
2UW4,A
2UW5,A
2UW6,A
2UW7,A
2UW8,A
2UW9,A
2UZB,A
2UZB,C
2UZD,A
2UZD,C
2UZE,A
2UZE,C
2UZL,A
2UZL,C
2UZN,A
2UZO,A
2UZT,A
2UZU,E
2UZV,A
2UZW,E
2V0D,A
2V55,A
2V55,C
2V7A,A
2V7A,B
2V7O,A
2VAG,A
2VD5,A
2VD5,B
2VGO,A
2VGO,B
2VGP,A
2VGP,B
2VN9,A
2VN9,B
2VNW,A
2VNY,A
2VO0,A
2VO3,A
2VO6,A
2VO7,A
2VRX,A
2VRX,B
2VTA,A
2VTH,A
2VTI,A
2VTJ,A
2VTL,A
2VTM,A
2VTN,A
2VTO,A
2VTP,A
2VTQ,A
2VTR,A
2VTS,A
2VTT,A
2VU3,A
2VUW,A
2VV9,A
2VWB,A
2VWB,B
2VWI,A
2VWI,B
2VWI,C
2VWI,D
2VWU,A
2VWV,A
2VWW,A
2VWX,A
2VWY,A
2VWZ,A
2VX0,A
2VX1,A
2VX3,A
2VX3,B
2VX3,C
2VX3,D
2VZ6,A
2VZ6,B
2W05,A
2W06,A
2W0J,A
2W17,A
2W1C,A
2W1D,A
2W1E,A
2W1F,A
2W1G,A
2W1H,A
2W1I,A
2W4J,A
2W4K,A
2W4O,A
2W5A,A
2W5B,A
2W7X,A
2WAJ,A
2WD1,A
2WEI,A
2WEL,A
2WEV,A
2WEV,C
2WGJ,A
2WIH,A
2WIH,C
2WIP,A
2WIP,C
2WKM,A
2WMQ,A
2WMR,A
2WMS,A
2WMT,A
2WMU,A
2WMV,A
2WMW,A
2WMX,A
2WO6,A
2WO6,B
2WOT,A
2WOU,A
2WPA,A
2WPA,C
2WQB,A
2WQE,A
2WQN,A
2WQO,A
2WTC,A
2WTD,A
2WTI,A
2WTJ,A
2WTK,B
2WTK,C
2WTK,E
2WTK,F
2WTV,A
2WTV,B
2WTV,C
2WTV,D
2WTW,A
2WU6,A
2WU7,A
2WXV,A
2WXV,C
2X1N,A
2X1N,C
2X2K,A
2X2L,A
2X2M,A
2X2M,B
2X39,A
2X4F,A
2X4F,B
2X4Z,A
2X6D,A
2X6E,A
2X7F,A
2X7F,B
2X7F,C
2X7F,D
2X7F,E
2X7G,A
2X7O,A
2X7O,B
2X7O,C
2X7O,D
2X7O,E
2X81,A
2X8D,A
2X8E,A
2X8I,A
2X9E,A
2X9F,A
2XA4,A
2XA4,B
2XB7,A
2XBA,A
2XBJ,A
2XCH,A
2XCK,A
2XEY,A
2XEZ,A
2XF0,A
2XH5,A
2XIK,A
2XIR,A
2XIX,A
2XIY,A
2XIZ,A
2XJ0,A
2XJ1,A
2XJ2,A
2XK3,A
2XK4,A
2XK6,A
2XK7,A
2XK8,A
2XK9,A
2XKC,A
2XKD,A
2XKE,A
2XKF,A
2XM8,A
2XM9,A
2XMY,A
2XNB,A
2XNE,A
2XNG,A
2XNM,A
2XNN,A
2XNO,A
2XNP,A
2XP2,A
2XRU,A
2XRW,A
2XS0,A
2XUU,A
2XVD,A
2XYN,A
2XYN,B
2XYN,C
2XYU,A
2Y4I,B
2Y4I,C
2Y6O,A
2Y7J,A
2Y7J,B
2Y7J,C
2Y7J,D
2Y9Q,A
2YA9,A
2YA9,B
2YAA,A
2YAA,B
2YAB,A
2YAB,B
2YAC,A
2YAK,A
2YCF,A
2YCQ,A
2YCR,A
2YCS,A
2YDI,A
2YDJ,A
2YDJ,B
2YDK,A
2YER,A
2YEX,A
2YFX,A
2YIQ,A
2YIR,A
2YIS,A
2YIT,A
2YIW,A
2YIX,A
2YIY,A
2YM3,A
2YM4,A
2YM5,A
2YM6,A
2YM7,A
2YM8,A
2YN8,A
2YN8,B
2YWP,A
2Z2W,A
2Z60,A
2Z7L,A
2Z7Q,A
2Z7R,A
2Z7S,A
2Z8C,A
2ZAZ,A
2ZB0,A
2ZB1,A
2ZDT,A
2ZDU,A
2ZJW,A
2ZM1,A
2ZM3,A
2ZM3,B
2ZM3,C
2ZM3,D
2ZM4,A
2ZMD,A
2ZOQ,A
2ZOQ,B
2ZV2,A
2ZV8,A
2ZV9,A
2ZVA,A
2ZYB,A
3A2C,A
3A2C,B
3A2C,C
3A2C,D
3A2C,E
3A2C,F
3A2C,G
3A2C,H
3A2C,I
3A2C,J
3A2C,K
3A2C,L
3A4O,X
3A4P,A
3A60,A
3A60,B
3A61,A
3A62,A
3A7H,A
3A7H,B
3A7I,A
3A7J,A
3A8W,A
3A8W,B
3A99,A
3AC1,A
3AC2,A
3AC3,A
3AC4,A
3AC5,A
3AC8,A
3ACJ,A
3ACK,A
3AD4,A
3AD5,A
3AD6,A
3AG9,B
3AGL,A
3AGL,B
3ALN,A
3ALN,B
3ALN,C
3ALO,A
3AMA,A
3AMB,A
3AMY,A
3ANQ,A
3ANQ,B
3ANQ,C
3ANQ,D
3ANR,A
3ANR,B
3ANR,C
3ANR,D
3AOX,A
3AQV,A
3AT3,A
3AT4,A
3AXW,A
3B2T,A
3B2T,B
3B2W,A
3B8Q,A
3B8Q,B
3B8R,A
3B8R,B
3BBT,B
3BBT,D
3BE2,A
3BE9,A
3BEA,A
3BEG,A
3BEL,A
3BGP,A
3BGQ,A
3BGZ,A
3BHH,A
3BHH,B
3BHT,A
3BHT,C
3BHU,A
3BHU,C
3BHV,A
3BHV,C
3BHY,A
3BI6,A
3BIZ,A
3BKB,A
3BLQ,A
3BLR,A
3BPR,A
3BPR,B
3BPR,C
3BPR,D
3BQC,A
3BQR,A
3BRB,A
3BRB,B
3BU5,A
3BV2,A
3BV3,A
3BWF,A
3BWJ,A
3BX5,A
3BYM,A
3BYO,A
3BYS,A
3BYU,A
3BZ3,A
3C0G,A
3C0G,B
3C0H,A
3C0H,B
3C0I,A
3C13,A
3C1X,A
3C4C,A
3C4C,B
3C4E,A
3C4E,B
3C4E,C
3C4E,D
3C4F,A
3C4F,B
3C4W,A
3C4W,B
3C4X,A
3C4X,B
3C4Z,A
3C50,A
3C50,B
3C51,A
3C51,B
3C5U,A
3C7Q,A
3C9W,A
3C9W,B
3CBL,A
3CCN,A
3CD3,A
3CD8,A
3CE3,A
3CGF,A
3CGO,A
3CJF,A
3CJG,A
3CKX,A
3CLY,A
3COH,A
3COH,B
3COK,A
3COK,B
3CP9,A
3CP9,B
3CPB,A
3CPB,B
3CPC,A
3CPC,B
3CQE,A
3CQU,A
3CQW,A
3CR0,A
3CS9,A
3CS9,B
3CS9,C
3CS9,D
3CTH,A
3CTJ,A
3CTQ,A
3CXW,A
3CY2,A
3CY3,A
3D0E,A
3D0E,B
3D14,A
3D15,A
3D2I,A
3D2K,A
3D4Q,A
3D4Q,B
3D5W,A
3D5X,A
3D7T,A
3D7T,B
3D7Z,A
3D83,A
3D94,A
3D9V,A
3D9V,B
3DA6,A
3DAJ,A
3DAK,A
3DAK,B
3DAK,C
3DAK,D
3DB6,A
3DB8,A
3DBC,A
3DBD,A
3DBE,A
3DBF,A
3DCV,A
3DDP,A
3DDP,C
3DDQ,A
3DDQ,C
3DFC,B
3DJ5,A
3DJ6,A
3DJ7,A
3DK3,A
3DK3,B
3DK6,A
3DK6,B
3DK7,A
3DK7,B
3DKC,A
3DKF,A
3DKG,A
3DKO,A
3DLS,A
3DLS,B
3DLS,C
3DLS,D
3DLS,E
3DLS,F
3DLZ,A
3DND,A
3DNE,A
3DOG,A
3DOG,C
3DPK,A
3DQW,A
3DQW,B
3DQW,C
3DQW,D
3DQX,A
3DQX,B
3DS6,A
3DS6,B
3DS6,C
3DS6,D
3DT1,A
3DTC,A
3DTW,A
3DTW,B
3DU8,A
3DU8,B
3DV3,A
3DY7,A
3DZQ,A
3E3B,X
3E5A,A
3E62,A
3E63,A
3E64,A
3E7O,A
3E7O,B
3E7V,A
3E87,A
3E87,B
3E88,A
3E88,B
3E8C,A
3E8C,B
3E8C,C
3E8C,D
3E8C,E
3E8C,F
3E8D,A
3E8D,B
3E8E,A
3E8E,B
3E8E,E
3E8E,I
3E8E,L
3E8E,P
3E8N,A
3E92,A
3E93,A
3EB0,A
3EB0,C
3EFJ,A
3EFJ,B
3EFK,A
3EFK,B
3EFL,A
3EFL,B
3EFW,A
3EFW,B
3EH9,A
3EHA,A
3EID,A
3EJ1,A
3EJ1,C
3EKK,A
3EKN,A
3EL7,A
3EL8,A
3ELJ,A
3EMG,A
3EN4,A
3EN4,B
3EN5,A
3EN5,B
3EN6,B
3EN7,A
3EN9,A
3EN9,B
3ENH,A
3ENH,B
3EOC,A
3EOC,C
3EQB,A
3EQC,A
3EQD,A
3EQF,A
3EQG,A
3EQH,A
3EQI,A
3EQP,A
3EQP,B
3EQR,A
3EQR,B
3ERK,A
3ET7,A
3ETA,A
3ETA,B
3EWH,A
3EYG,A
3EYH,A
3EZR,A
3EZV,A
3F2A,A
3F2N,A
3F3T,A
3F3U,A
3F3U,B
3F3V,A
3F3V,B
3F3W,A
3F3W,B
3F3Z,A
3F5G,A
3F5P,A
3F5P,B
3F5P,C
3F5P,D
3F5P,E
3F5P,F
3F5P,G
3F5P,H
3F5P,I
3F5P,J
3F5P,K
3F5P,L
3F5P,M
3F5P,R
3F5P,S
3F5P,T
3F5U,A
3F5X,A
3F5X,C
3F61,A
3F66,A
3F66,B
3F69,A
3F69,B
3F6X,A
3F6X,B
3F6X,C
3F6X,D
3F7Z,A
3F7Z,B
3F82,A
3F88,A
3F88,B
3F9N,A
3FAA,A
3FAA,B
3FAA,C
3FAA,D
3FAA,E
3FBV,A
3FBV,B
3FBV,C
3FBV,D
3FBV,E
3FBV,F
3FBV,G
3FBV,H
3FBV,I
3FBV,J
3FBV,K
3FBV,L
3FBV,M
3FBV,N
3FC1,X
3FC2,A
3FDN,A
3FHI,A
3FHR,A
3FI2,A
3FI3,A
3FI4,A
3FJQ,E
3FKL,A
3FKN,A
3FKO,A
3FL4,A
3FL5,A
3FLN,C
3FLQ,A
3FLS,A
3FLW,A
3FLY,A
3FLZ,A
3FMD,A
3FME,A
3FMH,A
3FMJ,A
3FMK,A
3FML,A
3FMM,A
3FMN,A
3FPM,A
3FQE,A
3FQH,A
3FQH,B
3FQS,A
3FSF,A
3FSK,A
3FUP,A
3FUP,B
3FV8,A
3FXW,A
3FXX,A
3FXZ,A
3FY0,A
3FYJ,X
3FYK,X
3FZ1,A
3FZP,A
3FZR,A
3FZS,A
3FZT,A
3G0E,A
3G0F,A
3G0F,B
3G2F,A
3G2F,B
3G51,A
3G5D,A
3G5D,B
3G6G,A
3G6G,B
3G6H,B
3G90,X
3G9L,X
3G9N,A
3GB2,A
3GC0,A
3GC7,A
3GC8,A
3GC8,B
3GC9,A
3GC9,B
3GCP,A
3GCQ,A
3GCS,A
3GCU,A
3GCU,B
3GCV,A
3GEN,A
3GEQ,A
3GEQ,B
3GFE,A
3GFW,A
3GGF,A
3GGF,B
3GI3,A
3GNI,B
3GOK,A
3GOK,B
3GOK,C
3GOK,D
3GOK,E
3GOK,F
3GOK,G
3GOK,H
3GOK,I
3GOK,J
3GOK,K
3GOK,L
3GP0,A
3GQI,A
3GQL,A
3GQL,B
3GQL,C
3GT8,A
3GT8,B
3GT8,C
3GT8,D
3GU4,A
3GU5,A
3GU6,A
3GU7,A
3GU8,A
3GUB,A
3GVU,A
3GXL,A
3H0Y,A
3H0Z,A
3H0Z,B
3H0Z,C
3H10,A
3H10,B
3H10,D
3H30,A
3H30,B
3H3C,A
3H9F,A
3H9O,A
3H9R,A
3HA6,A
3HA8,A
3HDM,A
3HDN,A
3HEC,A
3HEG,A
3HKO,A
3HL7,A
3HLL,A
3HMI,A
3HMM,A
3HMN,A
3HMO,A
3HMP,A
3HNG,A
3HP2,A
3HP5,A
3HRB,A
3HRC,A
3HRF,A
3HUB,A
3HUC,A
3HV3,A
3HV4,A
3HV4,B
3HV5,A
3HV5,B
3HV6,A
3HV7,A
3HX4,A
3HZT,A
3I4B,A
3I4B,B
3I5N,A
3I5Z,A
3I60,A
3I7B,A
3I7C,A
3I81,A
3IDB,A
3IDC,A
3IDP,A
3IDP,B
3IG7,A
3IGG,A
3IGO,A
3II5,A
3II5,B
3IK3,A
3IK3,B
3IKA,A
3IO7,A
3IOK,A
3ION,A
3IOP,A
3IPH,A
3IQ7,A
3ITZ,A
3IW4,A
3IW4,B
3IW4,C
3IW5,A
3IW6,A
3IW7,A
3IW8,A
3JPV,A
3JS2,A
3JS2,B
3JUH,A
3JUH,B
3JVR,A
3JVS,A
3JXW,A
3JY0,A
3JY9,A
3JYA,A
3K3I,A
3K3J,A
3K54,A
3K5U,A
3K5V,A
3K5V,B
3KA0,A
3KB7,A
3KC3,A
3KC3,B
3KC3,C
3KC3,D
3KC3,E
3KC3,F
3KC3,H
3KC3,I
3KC3,J
3KC3,K
3KC3,L
3KCF,A
3KCF,B
3KCF,C
3KCF,D
3KCF,E
3KCK,A
3KEX,A
3KEX,B
3KF4,A
3KF4,B
3KF7,A
3KFA,A
3KFA,B
3KGA,A
3KKV,A
3KMM,A
3KMW,A
3KN5,A
3KN5,B
3KQ7,A
3KRJ,A
3KRL,A
3KRR,A
3KRW,A
3KRX,A
3KU2,A
3KVW,A
3KVX,A
3KXG,A
3KXH,A
3KXM,A
3KXN,A
3KXZ,A
3L1S,A
3L1S,B
3L8P,A
3L8S,A
3L8V,A
3L8X,A
3L9L,A
3L9L,B
3L9M,A
3L9M,B
3L9N,A
3LAU,A
3LCD,A
3LCO,A
3LCS,A
3LCT,A
3LE6,A
3LFA,A
3LFB,A
3LFC,A
3LFD,A
3LFE,A
3LFF,A
3LFN,A
3LFQ,A
3LFS,A
3LHJ,A
3LIJ,A
3LJ0,A
3LJ0,B
3LJ1,A
3LJ1,B
3LJ2,A
3LJ2,B
3LLT,A
3LM0,A
3LM5,A
3LMG,A
3LMG,B
3LOK,A
3LOK,B
3LPB,A
3LPB,B
3LQ5,A
3LQ8,A
3LVP,A
3LVP,B
3LVP,C
3LVP,D
3LW0,A
3LW0,B
3LW0,C
3LW0,D
3LXK,A
3LXL,A
3LXN,A
3LXP,A
3LZB,A
3LZB,B
3LZB,C
3LZB,D
3M11,A
3M1S,A
3M1S,B
3M2W,A
3M42,A
3MA3,A
3MA6,A
3MA6,B
3MB6,A
3MB7,A
3MBL,A
3MDY,A
3MDY,C
3MFR,A
3MFS,A
3MFU,A
3MIA,A
3MIY,A
3MIY,B
3MJ1,A
3MJ2,A
3MPA,A
3MPM,A
3MPT,A
3MS9,A
3MS9,B
3MSS,A
3MSS,B
3MSS,C
3MSS,D
3MTF,A
3MTF,B
3MTL,A
3MV5,A
3MVH,A
3MVJ,A
3MVJ,E
3MVL,A
3MVL,B
3MVM,A
3MVM,B
3MW1,A
3MWU,A
3MY0,A
3MY0,B
3MY0,C
3MY0,D
3MY0,E
3MY0,F
3MY0,G
3MY0,H
3MY0,I
3MY0,J
3MY0,K
3MY0,L
3MY0,M
3MY0,N
3MY0,O
3MY0,P
3MY0,Q
3MY0,R
3MY0,S
3MY0,T
3MY0,U
3MY0,V
3MY0,W
3MY0,X
3MY1,A
3MY5,A
3MY5,C
3MYG,A
3N51,A
3NAX,A
3NAY,A
3NAY,B
3NCG,A
3NCZ,A
3NCZ,B
3NCZ,C
3NCZ,D
3NDM,B
3NDM,C
3NDM,D
3NEW,A
3NGA,A
3NGA,B
3NIE,A
3NIE,B
3NIZ,A
3NLB,A
3NNU,A
3NNV,A
3NNW,A
3NNX,A
3NPC,A
3NPC,B
3NR9,A
3NR9,B
3NR9,C
3NRM,A
3NS9,A
3NSZ,A
3NUN,A
3NUP,A
3NUS,A
3NUU,A
3NUX,A
3NUY,A
3NW5,A
3NW6,A
3NW7,A
3NWW,A
3NYN,A
3NYN,B
3NYO,A
3NYO,B
3NYV,A
3NYX,A
3NZ0,A
3O0G,B
3O23,A
3O2M,A
3O2M,B
3O50,A
3O50,B
3O51,A
3O7L,B
3O8P,A
3O8T,A
3O8U,A
3O96,A
3OBG,A
3OBJ,A
3OC1,A
3OCB,A
3OCB,B
3OCG,A
3OCS,A
3OCT,A
3OEZ,A
3OEZ,B
3OFM,A
3OG7,A
3OHT,A
3OHT,B
3OMV,A
3OMV,B
3OOG,A
3OOM,A
3OP5,A
3OP5,B
3OP5,C
3OP5,D
3ORI,A
3ORI,B
3ORI,C
3ORI,D
3ORK,A
3ORL,A
3ORM,A
3ORN,A
3ORO,A
3ORP,A
3ORT,A
3ORX,A
3ORX,B
3ORX,C
3ORX,D
3ORX,E
3ORX,F
3ORX,G
3ORX,H
3ORZ,A
3ORZ,B
3ORZ,C
3ORZ,D
3OS3,A
3OT3,A
3OT8,A
3OTU,A
3OVV,A
3OW3,A
3OW4,A
3OW4,B
3OWJ,A
3OWK,A
3OWL,A
3OWP,A
3OXI,A
3OXT,A
3OXZ,A
3OY1,A
3OY3,A
3OY3,B
3P0M,A
3P23,A
3P23,B
3P23,C
3P23,D
3P5K,A
3P78,A
3P79,A
3P7A,A
3P7B,A
3P7C,A
3P86,A
3P9J,A
3PA3,A
3PA4,A
3PA5,A
3PE1,A
3PE2,A
3PFQ,A
3PG3,A
3PIX,A
3PIY,A
3PIZ,A
3PJ1,A
3PJ2,A
3PJ3,A
3PJ8,A
3PJC,A
3PLS,A
3POO,A
3POZ,A
3PP0,A
3PP0,B
3PP1,A
3PPJ,A
3PPJ,B
3PPK,A
3PPK,B
3PPZ,A
3PRF,A
3PRF,B
3PRI,A
3PRI,B
3PSB,A
3PSB,B
3PSD,A
3PSD,B
3PTG,A
3PUP,A
3PUP,B
3PVB,A
3PVG,A
3PVU,A
3PVW,A
3PWD,A
3PWY,A
3PXF,A
3PXK,A
3PXK,B
3PXQ,A
3PXY,A
3PXZ,A
3PY0,A
3PY1,A
3PYY,A
3PYY,B
3PZE,A
3PZH,A
3Q32,A
3Q32,B
3Q3B,A
3Q3B,B
3Q4C,A
3Q4T,A
3Q4T,B
3Q4U,A
3Q4U,B
3Q4U,C
3Q4U,D
3Q4Z,A
3Q53,A
3Q5I,A
3Q6U,A
3Q6W,A
3Q96,A
3Q96,B
3Q9W,A
3Q9X,A
3Q9X,B
3Q9Y,A
3Q9Z,A
3Q9Z,B
3QAL,E
3QAM,E
3QBN,A
3QC4,A
3QC4,B
3QC9,A
3QC9,B
3QC9,C
3QC9,D
3QCQ,A
3QCS,A
3QCX,A
3QCY,A
3QD0,A
3QD3,A
3QD4,A
3QF9,A
3QFV,A
3QFV,B
3QGW,A
3QGW,B
3QGY,A
3QGY,B
3QHR,A
3QHR,C
3QHW,A
3QHW,C
3QKK,A
3QKL,A
3QKM,A
3QL8,A
3QLF,A
3QLF,B
3QLG,A
3QLG,B
3QQF,A
3QQG,A
3QQH,A
3QQJ,A
3QQK,A
3QQL,A
3QQU,A
3QQU,B
3QQU,C
3QQU,D
3QRI,A
3QRI,B
3QRJ,A
3QRJ,B
3QRK,A
3QRT,A
3QRU,A
3QTI,A
3QTI,B
3QTQ,A
3QTR,A
3QTS,A
3QTU,A
3QTW,A
3QTX,A
3QTZ,A
3QU0,A
3QUD,A
3QUE,A
3QUP,A
3QWJ,A
3QWK,A
3QX2,A
3QX4,A
3QXO,A
3QXP,A
3QYW,A
3QYZ,A
3QZF,A
3QZG,A
3QZH,A
3QZI,A
3R00,A
3R01,A
3R02,A
3R04,A
3R0T,A
3R1N,A
3R1Q,A
3R1S,A
3R1Y,A
3R21,A
3R22,A
3R28,A
3R2B,A
3R2B,B
3R2Y,A
3R30,A
3R6X,A
3R71,A
3R73,A
3R7E,A
3R7I,A
3R7O,A
3R7U,A
3R7V,A
3R7Y,A
3R83,A
3R8L,A
3R8M,A
3R8P,A
3R8U,A
3R8V,A
3R8Z,A
3R9D,A
3R9H,A
3R9N,A
3R9O,A
3RAH,A
3RAI,A
3RAK,A
3RAL,A
3RAW,A
3RAW,B
3RCD,A
3RCD,C
3RCJ,A
3REP,A
3RGF,A
3RHK,A
3RHK,B
3RHX,A
3RHX,B
3RI1,A
3RI1,B
3RIN,A
3RJC,A
3RK5,A
3RK7,A
3RK9,A
3RKB,A
3RM6,A
3RM7,A
3RMF,A
3RNI,A
3ROC,A
3ROY,A
3RPO,A
3RPR,A
3RPS,A
3RPV,A
3RPY,A
3RTP,A
3RVG,A
3RWP,A
3RWQ,A
3RZB,A
3RZF,A
3S00,A
3S0O,A
3S1H,A
3S2P,A
3S3I,A
3S4Q,A
3S95,A
3S95,B
3SA0,A
3SAY,A
3SAY,B
3SC1,A
3SD0,A
3SD0,B
3SDJ,A
3SDJ,B
3SDJ,C
3SDJ,D
3SDJ,E
3SDJ,F
3SDJ,G
3SDJ,H
3SDJ,I
3SDJ,J
3SDJ,K
3SDJ,L
3SDJ,M
3SDJ,N
3SHE,A
3SKC,A
3SKC,B
3SLS,A
3SLS,B
3SOA,A
3SOC,A
3SOC,B
3SQQ,A
3SRV,A
3SRV,B
3SVV,A
3SVV,B
3SW4,A
3SW7,A
3SX9,A
3SXF,A
3SXR,A
3SXR,B
3SXS,A
3T3U,A
3T3V,A
3T8O,A
3T9I,A
3T9T,A
3TCP,A
3TCP,B
3TEI,A
3THB,A
3TI1,A
3TIY,A
3TIZ,A
3TJC,A
3TJC,B
3TJD,A
3TJD,B
3TKH,A
3TKI,A
3TKU,A
3TKU,B
3TN8,A
3TNH,A
3TNQ,B
3TNW,A
3TNW,C
3TT0,A
3TT0,B
3TTI,A
3TTJ,A
3TUB,A
3TUC,A
3TUD,A
3TV4,A
3TV4,B
3TV6,A
3TV6,B
3TV7,A
3TV7,B
3TV7,C
3TV7,D
3TWJ,A
3TWJ,C
3TXO,A
3TZ7,A
3TZ7,B
3TZ8,A
3TZ8,B
3TZ9,A
3TZ9,B
3TZM,A
3U4U,A
3U6H,A
3U6I,A
3U6J,A
3U87,A
3U87,B
3U8W,A
3U9C,A
3U9C,B
3U9N,A
3UBD,A
3UE4,A
3UE4,B
3UG2,A
3UGC,A
3UIB,A
3UIM,A
3UIX,A
3ULI,A
3UMW,A
3UMX,A
3UNJ,A
3UNK,A
3UNZ,A
3UNZ,B
3UO4,A
3UO5,A
3UO6,A
3UO6,B
3UOD,A
3UOH,A
3UOH,B
3UOJ,A
3UOJ,B
3UOK,A
3UOK,B
3UOL,A
3UOL,B
3UP2,A
3UP7,A
3UPX,A
3UPZ,A
3UQF,A
3UQF,B
3UQG,A
3UQG,B
3UTO,B
3UVP,A
3UVQ,A
3UVR,A
3UYT,A
3UYT,B
3UYT,C
3UYT,D
3UZP,A
3UZP,B
3V01,A
3V04,A
3V3V,A
3V51,A
3V5J,A
3V5J,B
3V5L,A
3V5L,B
3V5L,C
3V5L,D
3V5P,A
3V5Q,A
3V5Q,B
3V5T,A
3V5W,A
3V6R,A
3V6R,B
3V6S,A
3V6S,B
3V8S,A
3V8S,B
3V8S,C
3V8S,D
3V8T,A
3V8T,B
3V8W,A
3V8W,B
3VAP,A
3VBQ,A
3VBT,A
3VBV,A
3VBW,A
3VBX,A
3VBY,A
3VC4,A
3VF8,A
3VF9,A
3VHE,A
3VHK,A
3VID,A
3VJN,A
3VJO,A
3VN9,A
3VNT,A
3VO3,A
3VQH,A
3VQU,A
3VRY,A
3VRY,B
3VRZ,A
3VRZ,B
3VS0,A
3VS0,B
3VS1,A
3VS1,B
3VS2,A
3VS2,B
3VS3,A
3VS3,B
3VS4,A
3VS4,B
3VS5,A
3VS5,B
3VS6,A
3VS6,B
3VS7,A
3VS7,B
3VVH,A
3VVH,B
3VVH,C
3VW6,A
3VW6,B
3VW8,A
3W10,A
3W16,A
3W18,A
3W18,B
3W1F,A
3W2C,A
3W2C,C
3W2C,E
3W2C,G
3W2O,A
3W2P,A
3W2Q,A
3W2R,A
3W2S,A
3W32,A
3W33,A
3W55,A
3W8L,B
3W8Q,A
3WAR,A
3WBL,A
3WE4,A
3WE8,A
3WF5,A
3WF6,A
3WF7,A
3WF8,A
3WF9,A
3WI6,A
3WI6,B
3WI6,C
3WI6,D
3WI6,E
3WI6,F
3WIG,A
3WIK,A
3WIL,A
3WOW,A
3WYX,A
3WYY,A
3WZD,A
3WZE,A
3WZJ,A
3WZK,A
3WZU,A
3X2U,A
3X2V,A
3X2W,A
3ZBF,A
3ZBX,A
3ZC5,A
3ZC6,A
3ZC6,B
3ZC6,C
3ZC6,D
3ZCL,A
3ZDI,A
3ZDU,A
3ZEP,A
3ZEP,B
3ZEP,C
3ZEP,D
3ZEW,A
3ZEW,B
3ZH8,A
3ZH8,B
3ZH8,C
3ZLS,A
3ZLW,A
3ZLX,A
3ZLY,A
3ZM4,A
3ZMM,A
3ZMM,B
3ZO1,A
3ZO2,A
3ZO3,A
3ZO4,A
3ZON,A
3ZOS,A
3ZOS,B
3ZRK,A
3ZRK,B
3ZRL,A
3ZRL,B
3ZRM,A
3ZRM,B
3ZS5,A
3ZSG,A
3ZSH,A
3ZSI,A
3ZTX,A
3ZTX,B
3ZXT,A
3ZXT,B
3ZXT,C
3ZXT,D
3ZXZ,A
3ZYA,A
3ZZE,A
4A06,A
4A07,A
4A4L,A
4A4O,A
4A4X,A
4A7C,A
4A9R,A
4A9S,A
4A9T,A
4A9U,A
4A9Y,A
4AA0,A
4AA4,A
4AA5,A
4AAA,A
4AAC,A
4ACC,A
4ACC,B
4ACD,A
4ACD,B
4ACG,A
4ACG,B
4ACH,A
4ACH,B
4ACM,A
4AF3,A
4AFE,A
4AFJ,A
4AFJ,B
4AG8,A
4AGC,A
4AGD,A
4AGU,A
4AGU,B
4AGU,C
4AGW,A
4AGW,B
4ALU,A
4ALV,A
4ALW,A
4AN2,A
4AN3,A
4AN9,A
4ANB,A
4ANM,A
4ANQ,A
4ANS,A
4AOI,A
4AOJ,A
4AOJ,B
4AOJ,C
4AOT,A
4AOT,B
4AP7,A
4APP,A
4AQC,A
4AQC,B
4ARK,A
4AS0,A
4ASD,A
4ASE,A
4ASX,A
4ASX,B
4AT3,A
4AT4,A
4AT5,A
4AU8,A
4AU8,B
4AUA,A
4AW0,A
4AW1,A
4AW2,A
4AW5,A
4AWI,A
4AXA,A
4AZE,A
4AZE,B
4AZE,C
4AZF,A
4B0G,A
4B6L,A
4B7T,A
4B8L,A
4B8M,A
4B8M,B
4B99,A
4B9D,A
4B9D,B
4BB4,A
4BBE,A
4BBE,B
4BBE,C
4BBE,D
4BBF,A
4BBF,B
4BBF,C
4BBF,D
4BBM,A
4BBM,B
4BC6,A
4BCF,A
4BCG,A
4BCH,A
4BCI,A
4BCJ,A
4BCK,A
4BCK,C
4BCM,A
4BCM,C
4BCN,A
4BCN,C
4BCO,A
4BCO,C
4BCP,A
4BCP,C
4BCQ,A
4BCQ,C
4BDA,A
4BDB,A
4BDC,A
4BDD,A
4BDE,A
4BDF,A
4BDG,A
4BDH,A
4BDI,A
4BDJ,A
4BDK,A
4BF2,A
4BF2,B
4BFM,A
4BGG,A
4BGG,B
4BGG,C
4BGG,D
4BGH,A
4BGQ,A
4BHN,A
4BHN,B
4BHZ,A
4BI0,A
4BI1,A
4BI2,A
4BIB,A
4BIB,B
4BIC,A
4BID,A
4BID,B
4BIE,A
4BIE,B
4BKJ,A
4BKJ,B
4BKY,A
4BKZ,A
4BL1,A
4BN1,A
4BRX,A
4BTJ,A
4BTJ,B
4BTK,A
4BTM,A
4BTM,B
4BWK,A
4BWK,B
4BWP,A
4BWP,B
4BWX,A
4BWX,B
4BYI,A
4BYJ,A
4BZD,A
4BZN,A
4BZO,A
4C02,A
4C2V,A
4C2V,B
4C2W,A
4C2W,B
4C34,A
4C35,A
4C36,A
4C37,A
4C38,A
4C3F,A
4C3P,A
4C3P,D
4C3R,A
4C4E,A
4C4F,A
4C4G,A
4C4H,A
4C4I,A
4C4J,A
4C57,A
4C57,B
4C58,A
4C59,A
4C61,A
4C61,B
4C62,A
4C62,B
4C7T,A
4C8B,A
4C8B,B
4CCB,A
4CCU,A
4CD0,A
4CEG,A
4CFE,A
4CFE,C
4CFF,A
4CFF,C
4CFH,A
4CFM,A
4CFM,C
4CFN,A
4CFN,C
4CFU,A
4CFU,C
4CFV,A
4CFV,C
4CFW,A
4CFW,C
4CFX,A
4CFX,C
4CKI,A
4CKJ,A
4CKR,A
4CLI,A
4CLJ,A
4CMO,A
4CMT,A
4CMU,A
4CNH,A
4CNH,B
4CQE,A
4CQE,B
4CQG,A
4CRL,A
4CRS,A
4CT1,A
4CT2,A
4CTB,A
4CTC,A
4CV8,A
4CV9,A
4CVA,A
4CXA,A
4CYI,A
4CYI,B
4CYI,C
4CYI,D
4CYI,E
4CYI,F
4CYI,G
4CYI,H
4CYJ,A
4CYJ,B
4CYJ,C
4CYJ,D
4CZT,A
4CZT,B
4CZT,C
4CZT,D
4CZU,A
4CZU,B
4CZU,C
4CZU,D
4CZY,B
4CZY,D
4D0W,A
4D0X,A
4D1S,A
4D1X,A
4D1Z,A
4D2P,A
4D2P,B
4D2P,C
4D2P,D
4D2R,A
4D2S,A
4D2T,A
4D2T,B
4D2T,C
4D2T,D
4D2V,A
4D2V,B
4D2V,C
4D2V,D
4D2W,A
4D2W,B
4D2W,C
4D2W,D
4D4S,B
4D4V,B
4D58,B
4D5H,A
4D9T,A
4D9U,A
4DAW,A
4DBN,A
4DBN,B
4DC2,A
4DCE,A
4DCE,B
4DEA,A
4DEB,A
4DED,A
4DEE,A
4DEG,A
4DEH,A
4DEI,A
4DFL,A
4DFN,A
4DFX,E
4DG0,E
4DG3,E
4DGG,A
4DGG,B
4DGM,A
4DGN,A
4DH1,A
4DH3,A
4DH5,A
4DH7,A
4DH8,A
4DHF,A
4DHF,B
4DIN,A
4DIT,A
4DLI,A
4DLJ,A
4DN5,A
4DN5,B
4DTK,A
4DYM,A
4E1Z,A
4E20,A
4E26,A
4E26,B
4E4L,A
4E4L,B
4E4L,D
4E4M,A
4E4M,B
4E4M,D
4E4M,E
4E4N,A
4E4N,B
4E4X,A
4E4X,B
4E5W,A
4E5W,B
4E6A,A
4E6C,A
4E6D,A
4E6D,B
4E6Q,A
4E6Q,B
4E73,A
4E8A,A
4E93,A
4EBV,A
4EBW,A
4EEV,A
4EH2,A
4EH3,A
4EH4,A
4EH5,A
4EH6,A
4EH7,A
4EH8,A
4EH9,A
4EHE,A
4EHE,B
4EHG,A
4EHG,B
4EHV,A
4EHZ,A
4EHZ,B
4EHZ,C
4EHZ,D
4EI4,A
4EI4,B
4EJN,A
4EK4,A
4EK5,A
4EK6,A
4EK8,A
4EKK,A
4EKK,B
4EKL,A
4EL9,A
4ENX,A
4ENY,A
4EOI,A
4EOI,C
4EOJ,A
4EOJ,C
4EOK,A
4EOK,C
4EOL,A
4EOL,C
4EOM,A
4EOM,C
4EON,A
4EON,C
4EOO,A
4EOO,C
4EOP,A
4EOP,C
4EOQ,A
4EOQ,C
4EOR,A
4EOR,C
4EOS,A
4EOS,C
4EQC,A
4EQM,A
4EQM,B
4EQM,C
4EQM,D
4EQM,E
4EQM,F
4EQU,A
4EQU,B
4ERK,A
4ERW,A
4EUT,A
4EUT,B
4EUU,A
4EUU,B
4EWH,A
4EWH,B
4EWQ,A
4EYJ,A
4EYM,A
4EZ3,A
4EZ5,A
4EZ7,A
4F08,A
4F08,B
4F09,A
4F0F,A
4F1M,A
4F1O,A
4F1T,A
4F4P,A
4F63,A
4F63,B
4F64,A
4F64,B
4F65,A
4F65,B
4F6S,A
4F6U,A
4F6W,A
4F70,A
4F7J,A
4F7L,A
4F7N,A
4F7S,A
4F99,A
4F9A,A
4F9A,C
4F9B,A
4F9B,C
4F9C,A
4F9W,A
4F9Y,A
4FA2,A
4FC0,A
4FC0,B
4FEQ,A
4FF8,A
4FG7,A
4FG8,A
4FG8,B
4FG9,A
4FG9,B
4FI1,A
4FIC,A
4FIC,B
4FIE,A
4FIE,B
4FIF,A
4FIF,B
4FIG,A
4FIG,B
4FK3,A
4FK6,A
4FK6,B
4FKG,A
4FKI,A
4FKJ,A
4FKL,A
4FKO,A
4FKP,A
4FKQ,A
4FKR,A
4FKS,A
4FKT,A
4FKU,A
4FKV,A
4FKW,A
4FL1,A
4FL2,A
4FL3,A
4FMQ,A
4FNY,A
4FNZ,A
4FOB,A
4FOC,A
4FOD,A
4FR4,A
4FR4,B
4FR4,C
4FR4,D
4FR4,E
4FR4,F
4FSM,A
4FSN,A
4FSQ,A
4FSR,A
4FST,A
4FSU,A
4FSW,A
4FSY,A
4FSZ,A
4FT0,A
4FT3,A
4FT5,A
4FT7,A
4FT9,A
4FTA,A
4FTC,A
4FTI,A
4FTJ,A
4FTK,A
4FTL,A
4FTM,A
4FTN,A
4FTO,A
4FTQ,A
4FTR,A
4FTT,A
4FTU,A
4FUX,A
4FUY,A
4FV0,A
4FV1,A
4FV2,A
4FV3,A
4FV4,A
4FV5,A
4FV6,A
4FV7,A
4FV8,A
4FV9,A
4FVQ,A
4FVR,A
4FX3,A
4FX3,C
4FYN,A
4FYO,A
4FZ6,A
4FZ7,A
4FZF,B
4G16,A
4G17,A
4G1W,A
4G2F,A
4G31,A
4G34,A
4G3E,A
4G3E,B
4G3F,A
4G3G,A
4G5J,A
4G5P,A
4G6N,A
4G6O,A
4G9C,A
4G9C,B
4G9R,A
4G9R,B
4GCJ,A
4GFG,A
4GFM,A
4GFO,A
4GG5,A
4GG7,A
4GH2,A
4GIH,A
4GII,A
4GJ2,A
4GJ3,A
4GK2,A
4GK3,A
4GK4,A
4GL9,A
4GL9,B
4GL9,C
4GL9,D
4GMY,A
4GRB,A
4GS6,A
4GT3,A
4GU6,A
4GU6,B
4GU9,A
4GU9,B
4GUB,A
4GUE,A
4GV1,A
4GVA,A
4GVJ,A
4GW8,A
4H1J,A
4H1M,A
4H3P,A
4H3P,D
4H3Q,A
4H58,A
4HCT,A
4HCU,A
4HCV,A
4HGE,A
4HGE,B
4HGL,A
4HGS,A
4HGT,A
4HGT,B
4HJO,A
4HNF,A
4HNF,B
4HNI,A
4HNI,B
4HPT,E
4HPU,E
4HVD,A
4HVG,A
4HVH,A
4HVI,A
4HVS,A
4HW7,A
4HYH,A
4HYI,A
4HYS,A
4HYU,A
4I0R,A
4I0S,A
4I0T,A
4I22,A
4I23,A
4I24,A
4I24,B
4I3Z,A
4I3Z,C
4I41,A
4I4E,A
4I4F,A
4I5C,A
4I5C,B
4I5H,A
4I5M,A
4I5P,A
4I6B,A
4I6F,A
4I6H,A
4I6Q,A
4I94,A
4I94,B
4IAA,A
4IAC,A
4IAD,A
4IAF,A
4IAI,A
4IAK,A
4IAY,A
4IAZ,A
4IB0,A
4IB1,A
4IB3,A
4IBM,A
4IBM,B
4IC7,A
4IC7,D
4ID7,A
4IDT,A
4IDT,B
4IDV,A
4IDV,B
4IDV,C
4IDV,D
4IE9,A
4IEB,A
4IFC,A
4IFC,B
4IFG,A
4IH8,A
4IHP,A
4II5,A
4II5,C
4IIR,A
4IIR,B
4IJ9,A
4IJP,A
4IJP,B
4IM0,A
4IM2,A
4IM3,A
4IMY,A
4IMY,C
4IMY,E
4IQ6,A
4IQ6,B
4ITH,A
4ITH,B
4ITI,A
4ITI,B
4ITJ,A
4ITJ,B
4IVA,A
4IVB,A
4IVB,B
4IVC,A
4IVC,B
4IVD,A
4IVD,B
4IW0,A
4IWD,A
4IWO,A
4IWP,A
4IWQ,A
4IZ5,A
4IZ5,B
4IZ5,C
4IZ5,D
4IZY,A
4J1R,A
4J1R,B
4J1R,C
4J1R,D
4J52,A
4J53,A
4J71,A
4J71,B
4J8M,A
4J95,A
4J95,B
4J95,C
4J95,D
4J96,B
4J97,A
4J97,B
4J97,C
4J97,D
4J98,B
4J99,A
4J99,B
4J99,C
4J99,D
4JAI,A
4JAJ,A
4JBO,A
4JBP,A
4JBQ,A
4JBV,A
4JDI,A
4JG6,A
4JG7,A
4JG8,A
4JI9,A
4JI9,B
4JIA,A
4JIK,A
4JL9,A
4JLC,A
4JOA,A
4JQ7,A
4JQ8,A
4JQE,A
4JR3,A
4JR7,A
4JRV,A
4JS8,A
4JT3,A
4JVG,A
4JVG,B
4JVG,C
4JVG,D
4JX7,A
4JXF,A
4K0Y,A
4K11,A
4K18,A
4K1B,A
4K2R,A
4K33,A
4K6Z,A
4K77,A
4K77,B
4K8A,A
4K8A,B
4K9Y,A
4KAB,A
4KAB,B
4KAO,A
4KAO,B
4KB8,A
4KB8,B
4KB8,C
4KB8,D
4KBA,A
4KBA,B
4KBA,C
4KBA,D
4KBC,A
4KBC,B
4KBK,A
4KBK,B
4KBK,C
4KBK,D
4KD1,A
4KIK,A
4KIK,B
4KIN,A
4KIN,B
4KIN,C
4KIN,D
4KIO,A
4KIO,B
4KIO,C
4KIO,D
4KIP,A
4KIP,B
4KIQ,A
4KIQ,B
4KIQ,C
4KIQ,D
4KKE,A
4KKH,A
4KNB,A
4KNB,B
4KNB,C
4KNB,D
4KRC,A
4KS7,A
4KS8,A
4KSP,A
4KSP,B
4KSQ,A
4KSQ,B
4KWP,A
4L3J,A
4L3L,A
4L3P,A
4L42,A
4L43,A
4L44,A
4L45,A
4L46,A
4L52,A
4L53,A
4L68,A
4L6Q,A
4L6Q,B
4L7F,A
4L7S,A
4L7S,B
4L8M,A
4L9I,A
4L9I,B
4LFI,A
4LFI,B
4LGD,A
4LGD,B
4LGD,C
4LGD,D
4LGG,A
4LGG,B
4LGH,A
4LGH,B
4LI5,A
4LL0,A
4LL0,B
4LL5,A
4LM5,A
4LMN,A
4LMU,A
4LOO,A
4LOP,A
4LOP,B
4LOP,C
4LOP,D
4LOQ,A
4LOQ,B
4LOQ,C
4LOQ,D
4LQM,A
4LQP,A
4LQQ,A
4LQS,A
4LRM,A
4LRM,B
4LRM,C
4LRM,D
4LRM,E
4LUD,A
4LUD,B
4LUE,A
4LUE,B
4LYN,A
4M0Y,A
4M0Z,A
4M12,A
4M13,A
4M14,A
4M15,A
4M3Q,A
4M3Q,B
4M69,A
4M7I,A
4M84,A
4M8T,A
4MAO,A
4MBI,A
4MBJ,A
4MBJ,B
4MBL,A
4MCV,A
4MCV,B
4MF0,A
4MF0,B
4MF1,A
4MF1,B
4MH7,A
4MHA,A
4MHA,B
4MK0,A
4MKC,A
4MNE,A
4MNE,D
4MNE,E
4MNE,H
4MNF,A
4MNF,B
4MQ1,A
4MQ1,B
4MQ1,C
4MQ1,D
4MQ2,A
4MQ2,B
4MQ2,C
4MQ2,D
4MTA,A
4MVF,A
4MWH,A
4MWI,A
4MX9,A
4MXA,A
4MXC,A
4MXO,A
4MXO,B
4MXX,A
4MXX,B
4MXY,A
4MXY,B
4MXZ,A
4MXZ,B
4N0S,A
4N4S,A
4N4S,B
4N6Y,A
4N6Z,A
4N70,A
4NCT,A
4NCT,B
4NCT,C
4NCT,D
4NEU,A
4NEU,B
4NFN,A
4NH1,A
4NH1,B
4NIF,B
4NIF,E
4NJ3,A
4NJD,A
4NK9,A
4NK9,B
4NKA,A
4NKA,B
4NKS,A
4NKS,B
4NM0,A
4NM3,A
4NM5,A
4NM7,A
4NST,A
4NST,C
4NTT,A
4NTT,B
4NU1,A
4NUS,A
4NW5,A
4NW6,A
4NWM,A
4NWM,B
4NZW,B
4O0R,A
4O0S,A
4O0T,A
4O0U,A
4O0V,A
4O0W,A
4O0X,A
4O0Y,A
4O1O,A
4O1O,B
4O1O,C
4O1O,D
4O1P,A
4O1P,B
4O1P,C
4O1P,D
4O21,A
4O27,B
4O2P,A
4O2P,B
4O2Z,A
4O6E,A
4O6L,A
4O6L,B
4O91,A
4OAU,C
4OAV,B
4OAV,D
4OBO,A
4OBP,A
4OBQ,A
4OGR,A
4OGR,E
4OGR,I
4OH4,A
4OH4,B
4OLI,A
4ONA,A
4OT5,A
4OT6,A
4OTF,A
4OTG,A
4OTH,A
4OTI,A
4OTQ,A
4OTR,A
4OUC,A
4P4C,A
4P5Q,A
4P5Z,A
4P7E,A
4P7E,B
4P90,A
4P90,B
4PDS,A
4PDS,B
4PL3,A
4PL3,B
4PL4,A
4PL4,B
4PL4,C
4PL4,D
4PL5,A
4PL5,B
4PL5,C
4PL5,D
4PMM,A
4PMP,A
4PMS,A
4PMT,A
4PNI,A
4PNK,A
4PP7,A
4PP7,B
4PP9,A
4PP9,B
4PPA,A
4PPA,B
4PPB,A
4PPB,B
4PPC,A
4PPC,B
4PQN,A
4PRJ,A
4PTC,A
4PTC,B
4PTE,A
4PTE,B
4PTG,A
4PTG,B
4PUZ,A
4PUZ,B
4PV0,A
4PX6,A
4PY1,A
4Q5J,A
4Q5J,B
4Q9S,A
4Q9Z,A
4Q9Z,B
4QD6,A
4QD6,B
4QFG,A
4QFR,A
4QFS,A
4QML,A
4QMM,A
4QMN,A
4QMO,A
4QMP,A
4QMQ,A
4QMS,A
4QMT,A
4QMU,A
4QMV,A
4QMW,A
4QMX,A
4QMY,A
4QMZ,A
4QNA,A
4QNY,A
4QNY,B
4QO9,A
4QO9,B
4QOX,A
4QP1,A
4QP1,B
4QP2,A
4QP3,A
4QP3,B
4QP4,A
4QP4,B
4QP6,A
4QP6,B
4QP7,A
4QP7,B
4QP8,A
4QP8,B
4QP9,A
4QPA,A
4QPA,B
4QPM,A
4QPM,B
4QPS,A
4QPS,C
4QQ5,A
4QQC,A
4QRC,A
4QT1,A
4QTA,A
4QTB,A
4QTB,B
4QTC,A
4QTD,A
4QTE,A
4QYE,A
4QYF,A
4QYG,A
4QYG,B
4QYH,A
4QYH,B
4QYY,A
4R1V,A
4R1Y,A
4R3C,A
4R5S,A
4R5Y,A
4R5Y,B
4R6V,A
4R7H,A
4R7I,A
4R8Q,A
4RA4,A
4RA5,A
4RA5,B
4RBL,A
4RC2,A
4RC3,A
4RC4,A
4RER,A
4REW,A
4RFM,A
4RFY,A
4RFZ,A
4RG0,A
4RIO,A
4RIW,A
4RIW,B
4RIW,C
4RIW,D
4RIX,A
4RIX,B
4RIX,C
4RIX,D
4RIY,A
4RIY,B
4RIY,C
4RIY,D
4RJ3,A
4RJ4,A
4RJ5,A
4RJ6,A
4RJ7,A
4RJ8,A
4RLK,A
4RLL,A
4RLO,A
4RLO,B
4RLP,A
4RMZ,A
4RMZ,B
4RPV,A
4RQK,A
4RQV,A
4RRV,A
4RSS,A
4RT7,A
4RVK,A
4RVL,A
4RVM,A
4RVT,A
4RWJ,A
4RWJ,B
4RWK,A
4RWK,B
4RWL,B
4RX5,A
4RX7,A
4RX8,A
4RX9,A
4RZ7,A
4RZV,A
4RZV,B
4RZW,A
4RZW,B
4S32,A
4S33,A
4S34,A
4TN6,A
4TNB,A
4TND,A
4TPT,A
4TPT,B
4TT7,A
4TTH,B
4TW9,A
4TW9,B
4TWC,A
4TWC,B
4TWN,A
4TWO,A
4TWP,A
4TWP,B
4TXC,A
4TY1,A
4TYH,B
4TYI,A
4TYJ,A
4TZR,A
4U0I,A
4U40,A
4U41,A
4U42,A
4U42,B
4U43,A
4U44,A
4U45,A
4U5J,A
4U5J,B
4U6R,A
4U79,A
4U7Z,A
4U80,A
4U81,A
4U8Z,A
4U97,A
4U97,B
4U9A,A
4U9A,B
4UAK,A
4UAL,A
4UB7,A
4UBA,A
4UBA,B
4UJ1,A
4UJ2,A
4UJ9,A
4UJA,A
4UJB,A
4UMP,A
4UMP,B
4UMP,C
4UMP,D
4UMQ,A
4UMR,A
4UMT,A
4UMU,A
4USD,A
4USD,B
4USE,A
4USE,B
4USF,A
4USF,B
4UWB,A
4UWB,B
4UWC,A
4UWC,B
4UX9,A
4UX9,B
4UX9,C
4UX9,D
4UXL,A
4UXQ,A
4UYA,A
4UYN,A
4UZD,A
4UZD,B
4UZH,A
4V01,A
4V01,B
4V0G,A
4V0G,B
4W4V,A
4W4W,A
4W4X,A
4W4Y,A
4W7P,A
4W7P,B
4W7P,C
4W7P,D
4W8D,A
4W8E,A
4W9W,A
4W9X,A
4WA9,A
4WA9,B
4WB5,A
4WB6,A
4WB6,B
4WB7,A
4WB7,B
4WB8,A
4WBO,A
4WBO,B
4WBO,C
4WBO,D
4WD5,A
4WG3,A
4WG4,A
4WG5,A
4WHZ,A
4WKQ,A
4WNK,A
4WNM,A
4WNO,A
4WNP,A
4WNP,B
4WNP,C
4WNP,D
4WO5,A
4WO5,B
4WOT,A
4WOT,B
4WOT,C
4WOT,D
4WOV,A
4WOV,B
4WRS,A
4WSQ,A
4WSQ,B
4WSY,A
4WT6,A
4WUA,A
4WUN,A
4WUN,B
4WW5,A
4WW7,A
4WW9,A
4X0M,A
4X21,A
4X21,B
4X2F,A
4X2G,A
4X2J,A
4X2K,A
4X3J,A
4X6R,A
4X7H,A
4X7J,A
4X7K,A
4X7L,A
4X7N,A
4X7O,A
4X7Q,A
4X7Q,B
4XBR,A
4XCU,A
4XEY,A
4XEY,B
4XG3,A
4XG3,B
4XG4,A
4XG6,A
4XG7,A
4XG8,A
4XG8,C
4XG9,A
4XG9,B
4XH0,A
4XH6,A
4XHG,A
4XHK,B
4XHL,A
4XJ0,A
4XJ0,B
4XLI,A
4XLI,B
4XLV,A
4XMO,A
4XNE,A
4XOY,A
4XOZ,A
4XP0,A
4XP2,A
4XP3,A
4XRJ,A
4XRL,A
4XS2,A
4XS2,B
4XS2,C
4XS2,D
4XUF,A
4XUF,B
4XV1,A
4XV2,A
4XV2,B
4XV3,A
4XV9,A
4XW4,A
4XW5,A
4XW6,A
4XX9,A
4XYF,A
4Y0X,A
4Y12,A
4Y46,A
4Y5H,A
4Y5Q,A
4Y72,A
4Y73,A
4Y73,B
4Y73,C
4Y73,D
4Y83,A
4Y83,B
4Y83,C
4Y85,A
4Y85,B
4Y85,C
4Y8D,A
4Y8D,B
4Y93,A
4Y95,A
4Y95,B
4Y95,C
4Y95,D
4YBJ,A
4YBJ,B
4YBK,A
4YC8,A
4YC8,B
4YFF,A
4YFF,B
4YFF,C
4YFF,D
4YFI,A
4YFI,B
4YFI,C
4YFI,D
4YHF,A
4YHF,B
4YHJ,A
4YHJ,B
4YHT,A
4YHT,B
4YJN,A
4YJO,A
4YJP,A
4YJQ,A
4YJR,A
4YJS,A
4YJT,A
4YJU,A
4YJV,A
4YLJ,A
4YLJ,B
4YLJ,C
4YLJ,D
4YLK,A
4YLL,A
4YMJ,A
4YMJ,B
4YNE,A
4YO4,A
4YO6,A
4YO6,B
4YO6,C
4YO6,D
4YP8,A
4YP8,B
4YP8,C
4YP8,D
4YPD,A
4YPS,A
4YSJ,A
4YSJ,B
4YTC,A
4YTF,A
4YTH,A
4YTI,A
4YU2,A
4YU2,B
4YU2,C
4YU2,D
4YUQ,A
4YUQ,B
4YUR,A
4YVC,A
4YVC,B
4YVE,A
4YVE,B
4YXR,A
4YXS,A
4YZ9,A
4YZ9,B
4YZ9,C
4YZB,A
4YZB,B
4YZC,A
4YZC,B
4YZD,A
4YZD,B
4YZD,C
4YZM,A
4YZM,B
4YZN,A
4Z16,A
4Z16,B
4Z16,C
4Z16,D
4Z3V,A
4Z55,A
4Z7H,A
4Z7H,B
4Z83,E
4Z84,A
4Z9L,A
4ZAU,A
4ZEG,A
4ZHX,A
4ZHX,C
4ZIM,A
4ZIM,B
4ZJI,A
4ZJI,B
4ZJI,C
4ZJI,D
4ZJJ,A
4ZJJ,B
4ZJJ,C
4ZJJ,D
4ZK5,A
4ZLO,A
4ZLY,A
4ZLZ,A
4ZOG,A
4ZOG,B
4ZP5,A
4ZS0,A
4ZSA,A
4ZSA,B
4ZSE,A
4ZSE,B
4ZSE,C
4ZSE,D
4ZSG,A
4ZSJ,A
4ZSL,A
4ZTH,A
4ZTL,A
4ZTL,B
4ZTL,C
4ZTL,D
4ZTM,A
4ZTM,B
4ZTM,C
4ZTM,D
4ZTN,A
4ZTN,B
4ZTN,C
4ZTN,D
4ZTQ,A
4ZTR,A
4ZTS,A
4ZXT,A
4ZY4,A
4ZY4,B
4ZY5,A
4ZY5,B
4ZY6,A
4ZY6,B
4ZZM,A
4ZZN,A
4ZZO,A
5A14,A
5A3X,A
5A3X,B
5A3X,C
5A3X,D
5A46,A
5A46,B
5A4C,A
5A4C,B
5A4E,A
5A4E,B
5A4E,C
5A4E,D
5A4L,A
5A4L,B
5A4L,C
5A4L,D
5A4Q,A
5A4Q,B
5A4Q,C
5A4Q,D
5A4T,A
5A4T,B
5A4T,C
5A4T,D
5A54,A
5A54,B
5A54,C
5A54,D
5A6N,A
5A9U,A
5AA8,A
5AA9,A
5AAA,A
5AAB,A
5AAC,A
5AAD,A
5AAE,A
5AAF,A
5AAG,A
5ACB,C
5ACB,D
5ACK,A
5AEP,A
5AIK,A
5AIK,B
5AIK,C
5AIK,D
5AJQ,A
5AJQ,B
5AM6,A
5AM6,B
5AM7,A
5AM7,B
5AMN,A
5AND,A
5ANE,A
5ANG,A
5ANI,A
5ANJ,A
5ANK,A
5AP0,A
5AP1,A
5AP2,A
5AP3,A
5AP4,A
5AP5,A
5AP6,A
5AP7,A
5AR3,A
5AR3,B
5AR4,A
5AR4,B
5AR5,A
5AR5,B
5AR7,A
5AR7,B
5AR8,A
5AR8,B
5AUT,A
5AUU,A
5AUV,A
5AUW,A
5AUX,A
5AUY,A
5AUZ,A
5AV0,A
5AV2,A
5AV3,A
5AV4,A
5AWM,A
5AX3,A
5AX9,A
5AX9,B
5AX9,C
5B0X,A
5B7V,A
5B7V,B
5BML,A
5BML,B
5BMS,A
5BNJ,A
5BPY,A
5BPY,B
5BQ0,A
5BUE,A
5BUI,A
5BUJ,A
5BVD,A
5BVE,A
5BVF,A
5BVK,A
5BVN,A
5BVO,A
5BVW,A
5BX0,A
5BX6,A
5BX7,A
5BYY,A
5BYZ,A
5C01,A
5C01,B
5C03,A
5C03,B
5C1Q,B
5C26,A
5C27,A
5C8K,A
5C8M,A
5C8N,A
5C9C,A
5C9C,B
5CAL,A
5CAN,A
5CAO,A
5CAP,A
5CAQ,A
5CAS,A
5CAU,A
5CAV,A
5CEI,A
5CEO,A
5CEP,A
5CEQ,A
5CF4,A
5CF4,B
5CF5,A
5CF5,B
5CF6,A
5CF6,B
5CF8,A
5CF8,B
5CI7,A
5CLP,A
5CLP,B
5CNN,A
5CNN,B
5CNO,A
5CNO,B
5CQU,A
5CQW,A
5CQW,B
5CS6,A
5CSH,A
5CSH,B
5CSP,A
5CSV,A
5CSW,A
5CSW,B
5CSX,A
5CT0,A
5CT0,B
5CT7,A
5CT7,B
5CTP,A
5CTP,B
5CU0,A
5CU0,B
5CU2,A
5CU2,B
5CU3,A
5CU3,B
5CU4,A
5CU6,A
5CVF,A
5CVH,A
5CVH,B
5CX9,A
5CX9,B
5CXH,A
5CXZ,A
5CY3,A
5CYI,A
5CYI,C
5D10,A
5D10,B
5D11,A
5D11,B
5D12,A
5D12,B
5D1J,A
5D41,A
5D41,B
5D7A,A
5D7A,B
5D7A,C
5D9H,A
5D9H,B
5D9K,A
5D9K,B
5D9L,A
5DA3,A
5DBX,A
5DBX,B
5DEW,A
5DEW,B
5DEY,A
5DEY,B
5DFP,A
5DG5,A
5DG5,B
5DGZ,A
5DH3,A
5DH3,B
5DHJ,A
5DI1,A
5DIA,A
5DLS,A
5DMZ,A
5DMZ,B
5DN3,A
5DNR,A
5DOS,A
5DPV,A
5DR2,A
5DR6,A
5DR9,A
5DRB,A
5DRD,A
5DT0,A
5DT3,A
5DT4,A
5DVR,A
5DWR,A
5DZC,A
5E1E,A
5E1E,B
5E1S,A
5E7R,A
5E8W,A
5E8X,A
5E8Y,A
5E8Z,A
5E90,A
5E91,A
5E92,A
5EAK,A
5EAK,B
5EBZ,A
5EBZ,B
5EBZ,C
5EBZ,D
5EBZ,E
5EBZ,F
5EBZ,G
5EBZ,H
5EBZ,I
5EBZ,J
5EBZ,K
5EBZ,L
5EDQ,A
5EDR,A
5EFQ,A
5EFQ,C
5EG3,A
5EH0,A
5EHL,A
5EHO,A
5EHY,A
5EI2,A
5EI6,A
5EI8,A
5EKN,A
5EKO,A
5EM5,A
5EM6,A
5EM7,A
5EM8,A
5EOB,A
5EOL,A
5ES1,A
5EW3,A
5EW3,B
5EW8,A
5EW8,B
5EW9,A
5EYC,A
5EYD,A
5EYK,A
5EYK,B
5EYM,A
5EYM,B
5EZR,A
5EZV,A
5EZV,C
5F0A,A
5F1Z,A
5F20,A
5F4N,A
5F94,A
5F94,B
5F95,A
5F95,B
5F9E,A
5F9E,B
5FBN,C
5FBN,D
5FBO,A
5FD2,A
5FD2,B
5FDP,A
5FDX,A
5FDX,B
5FED,A
5FEE,A
5FEQ,A
5FET,A
5FG8,A
5FGK,A
5FM2,A
5FM3,A
5FP5,A
5FP6,A
5FRI,A
5FTO,A
5FTQ,A
5FXQ,A
5FXR,A
5FXS,A
5G15,A
5G1X,A
5G6V,A
5G6V,B
5GHV,A
5GHV,B
5GJD,A
5GJF,A
5GJG,A
5GMP,A
5GNK,A
5GRN,A
5GTY,A
5GTY,B
5GTY,C
5GTY,D
5GTY,E
5GTY,F
5GTY,G
5GTY,H
5GTZ,A
5GZ9,A
5GZA,A
5H09,A
5H0B,A
5H0E,A
5H0G,A
5H0H,A
5H2U,A
5H2U,B
5H2U,C
5H2U,D
5H3Q,A
5H8B,A
5H8B,B
5H8E,A
5H8E,B
5H8G,A
5H9B,A
5HBE,A
5HBH,A
5HBJ,A
5HCX,A
5HCY,A
5HCZ,A
5HD4,A
5HD7,A
5HE0,A
5HE1,A
5HE2,A
5HE3,A
5HES,A
5HES,B
5HEZ,A
5HEZ,B
5HEZ,C
5HEZ,D
5HG5,A
5HG7,A
5HG8,A
5HG9,A
5HHW,A
5HI2,A
5HIB,A
5HIC,A
5HID,A
5HID,B
5HIE,A
5HIE,B
5HIE,C
5HIE,D
5HKM,A
5HLN,A
5HLN,B
5HLP,A
5HLP,B
5HLW,A
5HNB,A
5HNG,A
5HNI,X
5HNI,Y
5HNV,A
5HO6,A
5HO7,A
5HO8,A
5HOA,A
5HOR,A
5HQ0,A
5HTI,A
5HU3,A
5HU9,A
5HVJ,A
5HVK,A
5HVK,C
5HVU,A
5HVU,B
5HVY,A
5HX6,A
5HX6,B
5HX8,A
5HX8,B
5HZE,A
5HZN,A
5HZN,B
5HZN,C
5HZN,D
5HZN,E
5HZN,F
5HZN,G
5HZN,H
5I0B,A
5I3O,A
5I3O,B
5I3R,A
5I3R,B
5I4N,A
5I5Z,A
5I8A,A
5I9V,A
5I9W,A
5I9X,A
5I9Y,A
5I9Z,A
5IA0,A
5IA0,B
5IA0,C
5IA1,A
5IA2,A
5IA3,A
5IA4,A
5IA5,A
5ICP,A
5IDN,A
5IDP,A
5IEV,A
5IEX,A
5IEY,A
5IH5,A
5IH6,A
5IH8,A
5IH9,A
5IHA,A
5IHC,A
5IIS,A
5IKW,A
5IME,A
5IME,B
5IMX,A
5IPJ,A
5ISO,A
5ISO,C
5ITA,A
5ITA,B
5IU2,A
5IU2,B
5IUG,A
5IUH,A
5IUI,A
5IZJ,A
5IZJ,B
5J1V,A
5J1V,B
5J1V,C
5J1W,A
5J1W,B
5J1W,C
5J5S,A
5J5S,B
5J5T,A
5J5X,A
5J79,A
5J79,B
5J7B,A
5J7B,B
5J7S,A
5J87,A
5J87,B
5J87,C
5J87,D
5J8I,A
5J95,A
5J9L,A
5J9Y,A
5J9Z,A
5JEB,A
5JFS,A
5JFV,A
5JFW,A
5JFX,A
5JGA,A
5JGB,A
5JGD,A
5JH6,A
5JK3,A
5JKG,A
5JMS,A
5JN2,A
5JQ5,A
5JQ8,A
5JR7,A
5JR7,C
5JRQ,A
5JRQ,B
5JRS,A
5JRS,B
5JSM,B
5JSM,C
5JT2,A
5JT2,C
5JZJ,A
5JZJ,B
5JZN,A
5JZN,B
5K00,A
5K0K,A
5K0K,B
5K0X,A
5K0X,B
5K3Y,A
5K3Y,B
5K4I,A
5K4J,A
5K5N,A
5K5N,B
5K72,A
5K72,B
5K72,C
5K72,D
5K75,A
5K75,B
5K75,C
5K75,D
5K76,A
5K76,B
5K7G,A
5K7G,B
5K7G,C
5K7G,D
5K7I,A
5K7I,B
5K9I,A
5K9I,B
5KBQ,A
5KBR,A
5KBR,B
5KCV,A
5KCX,A
5KE0,A
5KGD,A
5KGE,A
5KGG,A
5KGI,A
5KGK,A
5KHW,A
5KHW,B
5KHX,A
5KKR,B
5KKS,A
5KKS,B
5KKT,A
5KKT,B
5KMI,A
5KMJ,A
5KMK,A
5KML,A
5KMM,A
5KMN,A
5KMO,A
5KNJ,A
5KNJ,B
5KO1,A
5KPK,A
5KPK,B
5KPL,A
5KPL,B
5KPM,A
5KPM,B
5KQ5,A
5KU8,A
5KU8,B
5KUP,A
5KVT,A
5KWH,A
5KWH,B
5KX7,B
5KX8,A
5KX8,B
5KX8,C
5KX8,D
5KZ0,A
5KZ7,A
5KZ7,B
5KZ8,A
5KZ8,B
5KZI,A
5L2I,A
5L2S,A
5L2T,A
5L2W,A
5L3A,A
5L4Q,A
5L4Q,B
5L6O,A
5L6P,A
5L6W,L
5L8J,A
5L8K,A
5L8L,A
5LAR,A
5LCJ,A
5LCK,A
5LCP,A
5LCQ,A
5LCR,A
5LCT,A
5LCU,A
5LI1,A
5LI9,A
5LIH,A
5LIH,B
5LJJ,A
5LMA,A
5LMB,A
5LMB,B
5LMK,A
5LMK,C
5LOH,A
5LOH,B
5LPB,A
5LPV,A
5LPY,A
5LPZ,A
5LQF,A
5LQF,D
5LVL,A
5LVM,A
5LVN,A
5LVO,A
5LVP,A
5LVP,B
5LVP,C
5LVP,D
5LW1,B
5LW1,E
5LW1,H
5LWM,A
5LWN,A
5LXC,A
5LXC,B
5LXD,A
5LXD,B
5LXM,A
5M0B,A
5M0C,A
5M0L,A
5M44,A
5M4C,A
5M4F,A
5M4I,A
5M4U,A
5M51,A
5M53,A
5M55,A
5M56,A
5M56,B
5M57,A
5M5A,A
5M6V,A
5M6Y,A
5M71,A
5M75,A
5MAF,A
5MAG,A
5MAH,A
5MAI,A
5MHI,A
5MHQ,A
5MJA,A
5MJA,B
5MJB,A
5MJB,B
5ML5,A
5MMF,A
5MMR,A
5MMR,B
5MO4,A
5MO5,A
5MO6,A
5MO7,A
5MO8,A
5MO8,B
5MOD,A
5MOE,A
5MOE,B
5MOH,A
5MOT,A
5MOW,A
5MP8,A
5MP8,B
5MPJ,A
5MQV,A
5MQV,B
5MQV,C
5MQV,D
5MQV,E
5MQV,F
5MRB,A
5MRD,A
5MTX,A
5MTY,A
5MXX,A
5MY8,A
5MYV,A
5MYV,B
5MYV,C
5MYV,D
5MZ3,A
5MZL,A
5N1D,A
5N1E,A
5N1F,A
5N1G,A
5N1H,A
5N1K,A
5N1L,A
5N1M,A
5N1N,A
5N1O,A
5N1V,A
5N1V,B
5N23,A
5N32,A
5N33,A
5N36,A
5N37,A
5N39,A
5N3A,A
5N3B,A
5N3C,A
5N3D,A
5N3E,A
5N3F,A
5N3G,A
5N3H,A
5N3I,A
5N3J,A
5N3K,A
5N3L,A
5N3N,A
5N3O,A
5N3P,A
5N3Q,A
5N3R,A
5N3S,A
5N3T,A
5N4N,A
5N4O,A
5N4R,A
5N4U,A
5N4V,A
5N4X,A
5N4Y,A
5N4Z,A
5N50,A
5N51,A
5N52,A
5N5L,A
5N5M,A
5N63,A
5N64,A
5N65,A
5N66,A
5N67,A
5N68,A
5N7P,A
5N7U,A
5N7V,A
5N84,A
5N87,A
5N93,A
5N9K,A
5N9L,A
5N9N,A
5N9S,A
5NA0,A
5NAD,A
5NCL,A
5NDT,A
5NEV,A
5NEV,C
5NG0,A
5NG0,B
5NG2,A
5NG2,B
5NGU,A
5NHF,A
5NHH,A
5NHJ,A
5NHL,A
5NHO,A
5NHP,A
5NHV,A
5NJZ,A
5NK0,A
5NK1,A
5NK2,A
5NK3,A
5NK4,A
5NK5,A
5NK6,A
5NK7,A
5NK8,A
5NK9,A
5NKA,A
5NKB,A
5NKC,A
5NKD,A
5NKE,A
5NKF,A
5NKG,A
5NKH,A
5NKI,A
5NQC,A
5NTT,A
5NUD,A
5NUD,B
5NW8,A
5NWZ,A
5NWZ,B
5NXC,L
5NXD,A
5NXD,B
5NZZ,E
5NZZ,F
5NZZ,G
5NZZ,H
5O0E,A
5O0Y,A
5O11,A
5O12,A
5O13,A
5O1S,A
5O26,A
5O26,B
5O2B,A
5O2B,B
5O49,A
5O49,B
5O4A,A
5O4A,B
5O5M,A
5O7I,A
5O8U,A
5O8V,A
5O90,A
5O91,A
5OBJ,A
5OBR,A
5ODT,A
5OK3,A
5OKT,A
5OKT,B
5OKT,C
5OKT,D
5OL3,A
5OMG,A
5OMH,A
5OMY,A
5ONE,A
5ONI,A
5ONI,B
5OO0,A
5OO1,A
5OO3,A
5OOI,A
5OOI,B
5OOP,A
5OOR,A
5OOT,A
5OP2,A
5OP4,A
5OP5,A
5OP7,A
5OPB,A
5OPR,A
5OPS,A
5OPU,A
5OPV,A
5OQ5,A
5OQ6,A
5OQ7,A
5OQ7,B
5OQ8,A
5OQU,A
5OQU,B
5ORH,A
5ORH,B
5ORJ,A
5ORJ,B
5ORK,A
5ORK,B
5ORL,A
5ORN,A
5ORO,A
5ORP,A
5ORR,A
5ORS,A
5ORT,A
5ORV,A
5ORW,A
5ORX,A
5ORY,A
5ORZ,A
5OS0,A
5OS1,A
5OS2,A
5OS3,A
5OS4,A
5OS5,A
5OS6,A
5OS7,A
5OS7,B
5OS8,A
5OSD,A
5OSE,A
5OSF,A
5OSJ,A
5OSL,A
5OSM,A
5OSP,A
5OSR,A
5OSU,A
5OSZ,A
5OT3,A
5OT5,A
5OT5,B
5OT6,A
5OTD,A
5OTD,B
5OTE,A
5OTF,A
5OTG,A
5OTH,A
5OTH,B
5OTI,A
5OTL,A
5OTL,B
5OTO,A
5OTO,B
5OTP,A
5OTQ,A
5OTR,A
5OTS,A
5OTY,A
5OTZ,A
5OUC,A
5OUE,A
5OUE,B
5OUL,A
5OUM,A
5OUU,A
5OUU,B
5OWH,A
5OWL,A
5OWL,B
5OWQ,A
5OWQ,B
5OWR,A
5OXG,A
5OXG,B
5OXG,C
5OXG,D
5OY4,A
5OY4,B
5OY6,A
5OY6,B
5OY6,C
5OY6,D
5OYF,A
5P9F,A
5P9G,A
5P9H,A
5P9I,A
5P9J,A
5P9K,A
5P9L,A
5P9M,A
5QIK,A
5QIL,A
5QIM,A
5QIN,A
5QTZ,A
5QU0,A
5R8U,A
5R8V,A
5R8W,A
5R8X,A
5R8Y,A
5R8Z,A
5R90,A
5R91,A
5R92,A
5R93,A
5R94,A
5R95,A
5R96,A
5R97,A
5R98,A
5R99,A
5R9A,A
5R9B,A
5R9C,A
5R9D,A
5R9E,A
5R9F,A
5R9G,A
5R9H,A
5R9I,A
5R9J,A
5R9K,A
5R9L,A
5R9M,A
5R9N,A
5R9O,A
5R9P,A
5R9Q,A
5R9R,A
5R9S,A
5R9T,A
5R9U,A
5R9V,A
5R9W,A
5R9X,A
5R9Y,A
5R9Z,A
5RA0,A
5RA1,A
5RA2,A
5RA3,A
5RA4,A
5RA5,A
5RA6,A
5RA7,A
5RA8,A
5RA9,A
5S75,A
5S75,B
5S76,A
5S76,B
5S77,A
5S77,B
5S78,A
5S78,B
5S79,A
5S79,B
5S7A,A
5S7A,B
5S7B,A
5S7B,B
5S7C,A
5S7C,B
5S7D,A
5S7D,B
5S7E,A
5S7E,B
5S7F,A
5S7F,B
5S7G,A
5S7G,B
5S7H,A
5S7H,B
5S7I,A
5S7I,B
5S7J,A
5S7J,B
5S7K,A
5S7K,B
5S7L,A
5S7L,B
5S7M,A
5S7M,B
5S7N,A
5S7N,B
5S7O,A
5S7O,B
5S7P,A
5S7P,B
5S7Q,A
5S7Q,B
5S7R,A
5S7R,B
5S7S,A
5S7S,B
5S7T,A
5S7T,B
5S7U,A
5S7U,B
5S7V,A
5S7V,B
5S7W,A
5S7W,B
5S7X,A
5S7X,B
5S7Y,A
5S7Y,B
5S7Z,A
5S7Z,B
5S80,A
5S80,B
5S81,A
5S81,B
5S82,A
5S82,B
5S83,A
5S83,B
5S84,A
5S84,B
5S85,A
5S85,B
5S86,A
5S86,B
5S87,A
5S87,B
5S88,A
5S88,B
5S89,A
5S89,B
5S8A,A
5S8A,B
5S8B,A
5S8B,B
5S9K,A
5S9K,B
5SAU,A
5SAV,A
5SAW,A
5SAX,A
5SAY,A
5SAY,B
5SAZ,A
5SB0,A
5SB1,A
5SB2,A
5SWH,A
5SWH,B
5SYS,A
5SYS,B
5T0P,A
5T0P,B
5T18,A
5T1H,A
5T1H,B
5T1S,A
5T1S,B
5T1S,C
5T1S,D
5T1T,A
5T1T,B
5T1T,C
5T1T,D
5T31,A
5T31,B
5T3Q,A
5T5T,A
5T68,A
5T68,B
5T6A,A
5T6I,A
5T6K,A
5T8O,A
5T8O,B
5T8P,A
5T8P,B
5T8Q,A
5T8Q,B
5TA6,A
5TA8,A
5TBE,A
5TC0,A
5TCO,A
5TD2,A
5TE0,A
5TEH,A
5TEH,B
5TEL,A
5TEX,A
5TF9,A
5TF9,B
5TIU,A
5TKD,A
5TKD,B
5TO8,A
5TOB,A
5TOE,A
5TOZ,A
5TQ3,A
5TQ3,B
5TQ4,A
5TQ5,A
5TQ6,A
5TQ6,B
5TQ7,A
5TQ7,B
5TQ8,A
5TR6,A
5TS8,A
5TT7,A
5TTS,A
5TTU,A
5TTV,A
5TUR,A
5TVT,A
5TWL,A
5TWY,A
5TWY,B
5TWZ,A
5TX3,A
5TX3,B
5TX5,A
5TX5,B
5U6B,A
5U6B,B
5U6B,C
5U6B,D
5U6C,A
5U6C,B
5U6I,A
5U7R,A
5U7R,B
5U7R,C
5U7R,D
5U8L,A
5U94,A
5U9D,A
5UAB,A
5UAD,A
5UFU,A
5UG8,A
5UG9,A
5UGA,A
5UGB,A
5UGC,A
5UGL,A
5UGL,B
5UGX,A
5UGX,B
5UHN,A
5UHN,B
5UI0,B
5UIQ,A
5UIQ,B
5UIQ,C
5UIQ,D
5UIR,A
5UIR,B
5UIS,A
5UIS,B
5UIS,C
5UIS,D
5UIT,A
5UIT,B
5UIU,A
5UIU,B
5UKF,A
5UKF,B
5UKF,C
5UKF,D
5UKK,A
5UKL,A
5UKM,A
5UNP,A
5UNP,B
5UOR,A
5UOR,B
5UOX,A
5UOX,B
5UP3,A
5UP3,B
5UPK,B
5UQ0,A
5UQ0,B
5UR1,A
5UR1,B
5USQ,A
5USY,A
5USY,B
5USZ,A
5UT0,A
5UT1,A
5UT2,A
5UT3,A
5UT4,A
5UT5,A
5UT6,A
5UU1,A
5UUU,A
5UV4,A
5UVC,A
5UVF,A
5UVF,B
5UVF,C
5UVF,D
5UWD,A
5UY6,A
5UYJ,A
5UZJ,A
5UZJ,B
5UZK,A
5V19,A
5V19,B
5V24,A
5V24,B
5V5N,A
5V5Y,A
5V60,A
5V62,A
5V80,A
5V82,A
5VAL,A
5VAL,B
5VAM,A
5VAM,B
5VC3,A
5VC4,A
5VC5,A
5VC6,A
5VCV,A
5VCW,A
5VCW,B
5VCX,A
5VCY,A
5VCZ,A
5VD0,A
5VD1,A
5VD2,A
5VD3,A
5VD4,A
5VD5,A
5VD7,A
5VD8,A
5VD9,A
5VDA,A
5VDK,A
5VED,A
5VEE,A
5VEF,A
5VFI,A
5VGO,A
5VHB,A
5VI9,A
5VIB,A
5VIL,A
5VIL,B
5VIL,C
5VIL,D
5VIO,A
5VIO,B
5VIO,D
5VJA,A
5VJA,B
5VJA,C
5VJA,D
5VLO,A
5VLO,B
5VND,A
5VND,B
5VO1,A
5VO2,A
5VO6,A
5VT1,A
5VUA,B
5VUB,B
5VUC,B
5W4W,A
5W4W,B
5W4W,C
5W4W,D
5W5J,A
5W5J,B
5W5O,A
5W5O,B
5W5O,C
5W5O,D
5W5O,E
5W5O,F
5W5O,G
5W5O,H
5W5O,I
5W5O,J
5W5O,K
5W5O,L
5W5O,M
5W5O,N
5W5O,O
5W5O,P
5W5Q,A
5W5V,A
5W7T,A
5W7T,B
5W80,A
5W84,A
5W84,B
5W85,A
5W85,B
5W86,A
5W86,B
5W86,C
5W86,D
5W8R,A
5W91,A
5W9E,A
5W9R,A
5WAL,A
5WDY,A
5WDY,B
5WE8,A
5WE8,B
5WEV,A
5WFJ,A
5WG3,A
5WG4,A
5WG5,A
5WIJ,A
5WIK,B
5WIL,A
5WIM,A
5WIN,A
5WJJ,A
5WNE,A
5WNE,B
5WNE,C
5WNE,D
5WNF,A
5WNF,B
5WNF,C
5WNF,D
5WNG,A
5WNG,B
5WNG,C
5WNG,D
5WNH,A
5WNH,B
5WNH,C
5WNH,D
5WNI,A
5WNJ,A
5WNK,A
5WNL,A
5WNM,A
5WNO,A
5WO4,A
5WO4,B
5WP1,A
5WR7,A
5WVD,A
5WVD,B
5X02,A
5X17,A
5X17,B
5X1Q,A
5X1S,A
5X1T,A
5X26,A
5X27,A
5X28,A
5X2A,A
5X2A,B
5X2A,C
5X2A,D
5X2C,A
5X2C,B
5X2F,A
5X2F,B
5X2F,C
5X2F,D
5X2K,A
5X5O,A
5X8I,A
5X8I,B
5XD6,A
5XD6,B
5XDK,A
5XDL,A
5XFF,A
5XFJ,A
5XGM,A
5XGN,A
5XP5,A
5XP5,B
5XP7,A
5XP7,B
5XQX,A
5XS2,A
5XV7,A
5XVA,A
5XVF,A
5XVG,A
5XVU,A
5XVU,B
5XVU,C
5XY1,A
5XYX,A
5XYY,A
5XYZ,A
5XYZ,B
5XZV,A
5XZV,B
5Y25,A
5Y5T,A
5Y5U,A
5Y5U,B
5Y7Z,A
5Y7Z,B
5Y80,A
5Y86,A
5Y9M,A
5Y9M,X
5Y9T,A
5YA5,A
5YF9,B
5YF9,X
5YJ9,D
5YT3,A
5YT3,B
5YT3,C
5YT3,D
5YU9,A
5YU9,B
5YU9,C
5YU9,D
5YV8,A
5YV9,A
5YVA,A
5YVB,A
5YVC,A
5YWM,X
5Z0S,A
5Z0S,B
5Z1D,A
5Z1E,A
5ZAN,A
5ZJ6,A
5ZJ6,B
5ZJW,A
5ZTN,A
5ZTN,B
5ZTO,A
5ZV2,A
5ZV2,B
5ZWJ,A
5ZXB,A
5ZXB,B
5ZZ4,A
5ZZ4,B
5ZZ4,C
5ZZ4,D
5ZZ4,E
5ZZ4,F
6A1C,A
6A1F,A
6A1G,A
6A1G,B
6AAH,A
6AAH,B
6AAJ,A
6AAJ,B
6AAK,A
6AAK,B
6AAK,C
6AAK,D
6AAM,A
6AAR,A
6AC9,A
6AC9,B
6AC9,C
6AC9,D
6ACR,A
6ACR,B
6AE3,A
6AE3,B
6AGX,A
6AGX,B
6AGX,C
6AGX,D
6ANL,A
6AO5,A
6ATE,A
6AUA,A
6AUB,A
6AYD,A
6AYW,A
6AYW,B
6B16,A
6B16,B
6B1U,A
6B1U,C
6B2E,A
6B2P,A
6B2Q,A
6B2Q,B
6B2Q,C
6B2Q,D
6B3E,A
6B3E,C
6B4W,A
6B5J,A
6B5J,B
6B5J,C
6B5J,D
6B8J,A
6B8U,A
6B8U,B
6B8Y,A
6BAB,A
6BAB,B
6BAB,C
6BAB,D
6BBU,A
6BBV,A
6BDN,A
6BFA,A
6BFN,A
6BFN,B
6BG2,A
6BG2,B
6BG2,C
6BG2,D
6BIK,A
6BKE,A
6BKH,A
6BKU,A
6BKW,A
6BL8,A
6BL8,B
6BLE,A
6BLN,A
6BNY,A
6BOD,A
6BOE,A
6BP0,B
6BP0,D
6BQL,A
6BQP,A
6BQQ,A
6BRC,A
6BRC,B
6BRJ,A
6BRU,B
6BRU,D
6BRW,A
6BS0,A
6BSD,A
6BSK,A
6BSS,A
6BTW,A
6BTW,B
6BTW,D
6BU6,A
6BU6,B
6BU6,D
6BX6,A
6BXI,A
6BXI,B
6BYR,A
6BYR,C
6C0T,A
6C0U,A
6C18,A
6C18,B
6C19,A
6C19,B
6C1B,A
6C1B,B
6C1C,A
6C1C,B
6C1O,A
6C1O,B
6C2R,A
6C2T,A
6C2Y,A
6C3E,A
6C3E,B
6C4D,A
6C4D,B
6C4D,C
6C4D,D
6C7Y,A
6C83,A
6C83,B
6C9F,A
6C9G,A
6C9H,A
6C9J,A
6CAD,A
6CAD,B
6CCF,A
6CCF,B
6CCY,A
6CD6,A
6CD6,B
6CD6,C
6CD6,D
6CFM,A
6CFM,B
6CFM,D
6CJ5,A
6CJE,A
6CJH,A
6CJW,A
6CJY,A
6CK3,A
6CK6,A
6CKI,A
6CKX,A
6CKX,C
6CMJ,A
6CMJ,B
6CMM,B
6CMM,D
6CNH,A
6CNX,A
6CNX,B
6CNX,C
6CNX,D
6CPF,A
6CPG,A
6CPG,D
6CPW,A
6CQ0,A
6CQ4,A
6CQ5,A
6CQD,A
6CQD,B
6CQF,A
6CQH,A
6CQH,B
6CQH,D
6CSW,B
6CSW,D
6CTH,A
6CZ3,A
6CZ4,A
6D1Y,A
6D1Z,A
6D20,A
6D2I,A
6D2I,B
6D3K,A
6D3K,B
6D3K,C
6D8E,A
6DA4,A
6DB3,A
6DB4,A
6DBK,A
6DBM,A
6DBN,A
6DCG,A
6DD4,B
6DD4,D
6DI0,A
6DI1,A
6DI3,A
6DI5,A
6DI9,A
6DKB,A
6DKG,A
6DKI,A
6DKW,A
6DKW,B
6DMG,A
6DRW,A
6DUD,A
6DUK,A
6DUK,B
6DUK,C
6DUK,D
6DUK,E
6DUK,F
6E0R,A
6E21,A
6E2M,A
6E2M,B
6E2N,A
6E2N,B
6E2O,A
6E2O,B
6E4F,A
6E4T,A
6E4U,A
6E4W,A
6E6E,A
6E6E,B
6E6E,C
6E6E,D
6E6E,E
6E6E,F
6E6E,G
6E6E,H
6E99,A
6E9L,A
6E9W,A
6E9W,B
6EAS,A
6EBW,A
6ED6,A
6ED6,B
6EDL,A
6EG9,A
6EG9,B
6EGA,A
6EGA,B
6EGD,A
6EGD,D
6EGE,A
6EGE,D
6EGF,B
6EGW,A
6EH2,A
6EH3,A
6EHK,A
6EHU,A
6EHU,B
6EIF,A
6EIF,B
6EIF,C
6EIF,D
6EII,A
6EII,B
6EIJ,A
6EIJ,B
6EIJ,C
6EIJ,D
6EIL,A
6EIL,B
6EIL,D
6EIM,A
6EIM,B
6EIP,A
6EIP,B
6EIP,C
6EIP,D
6EIQ,A
6EIQ,B
6EIQ,C
6EIQ,D
6EIR,A
6EIR,B
6EIR,C
6EIR,D
6EIS,A
6EIS,B
6EIS,C
6EIS,D
6EIV,A
6EIV,B
6EIV,C
6EIV,D
6EIX,A
6EJ4,A
6EJ4,B
6EJ4,C
6EJ4,D
6EKD,A
6ELR,A
6ELR,B
6EM2,A
6EM6,A
6EM7,A
6EMA,A
6EMH,A
6EMH,B
6EMH,C
6EMH,D
6EP9,A
6EQ9,A
6EQ9,B
6ERT,A
6ERW,A
6ES0,A
6ES0,B
6ESA,A
6F14,A
6F1W,A
6F1W,B
6F26,A
6F26,B
6F3D,A
6F3D,B
6F3E,A
6F3E,B
6F3F,A
6F3G,A
6F3G,B
6F3I,A
6F3I,B
6F7B,A
6FC8,A
6FCF,A
6FCK,A
6FD3,A
6FDY,U
6FDZ,U
6FEK,A
6FER,A
6FER,B
6FER,C
6FER,D
6FER,E
6FER,F
6FER,G
6FER,H
6FER,I
6FER,J
6FER,K
6FER,L
6FEW,A
6FEX,A
6FI3,A
6FI6,A
6FIL,A
6FIN,A
6FIO,A
6FIQ,A
6FJ0,A
6FJB,A
6FJZ,A
6FLE,A
6FLV,A
6FMA,A
6FN5,A
6FNF,A
6FNG,A
6FNH,A
6FNH,B
6FNH,C
6FNI,A
6FNJ,A
6FNJ,B
6FNK,A
6FNM,A
6FQ7,A
6FR1,A
6FRP,A
6FRX,A
6FT7,A
6FT7,B
6FT8,A
6FT9,A
6FT9,B
6FT9,C
6FU5,A
6FU5,B
6FVF,A
6FVG,A
6FXV,A
6FYI,A
6FYK,A
6FYK,B
6FYK,C
6FYL,A
6FYO,A
6FYP,A
6FYR,A
6FYV,A
6G33,A
6G33,B
6G33,C
6G34,A
6G35,A
6G36,A
6G37,A
6G38,A
6G39,A
6G3A,A
6G3C,A
6G3C,B
6G4Y,A
6G4Y,B
6G4Z,A
6G4Z,B
6G54,A
6G76,A
6G76,B
6G77,A
6G77,B
6G78,A
6G78,B
6G8X,A
6G91,A
6G92,A
6G93,A
6G97,A
6G9A,A
6G9D,A
6G9H,A
6G9J,A
6G9K,A
6G9M,A
6G9N,A
6GCR,A
6GCW,A
6GCW,B
6GCX,A
6GDM,A
6GDQ,A
6GE0,A
6GES,A
6GES,B
6GGH,A
6GGH,B
6GI6,A
6GIH,A
6GIN,A
6GIN,B
6GIP,A
6GJB,A
6GJD,A
6GJO,A
6GJO,B
6GL9,A
6GL9,B
6GLA,A
6GLA,B
6GLB,A
6GLB,B
6GMD,A
6GMD,B
6GN1,A
6GN1,B
6GQJ,A
6GQJ,B
6GQK,A
6GQK,B
6GQL,A
6GQL,B
6GQM,A
6GQM,B
6GQO,A
6GQP,A
6GQQ,A
6GR8,A
6GR9,A
6GRA,A
6GRO,A
6GTT,A
6GU2,A
6GU3,A
6GU4,A
6GU6,A
6GU7,A
6GUB,A
6GUB,C
6GUC,A
6GUC,C
6GUE,A
6GUE,C
6GUF,A
6GUF,C
6GUH,A
6GUK,A
6GVA,A
6GVX,A
6GVX,B
6GWR,A
6GWR,B
6GZD,A
6GZH,A
6GZM,A
6GZM,B
6H0U,A
6H0U,B
6H3K,A
6HBN,A
6HBN,B
6HD4,A
6HD4,B
6HD6,A
6HD6,B
6HDP,A
6HDR,A
6HES,A
6HET,A
6HEU,A
6HEV,A
6HEW,A
6HEX,A
6HEY,A
6HH1,A
6HHF,A
6HHG,A
6HHH,A
6HHI,A
6HHJ,A
6HHO,A
6HHO,B
6HJJ,A
6HJK,A
6HK3,A
6HK3,B
6HK4,A
6HK4,B
6HK7,A
6HKM,A
6HKN,A
6HM6,A
6HM7,A
6HMB,A
6HMC,A
6HMD,A
6HME,A
6HME,B
6HMP,A
6HMP,B
6HMQ,A
6HMR,A
6HMR,B
6HMX,A
6HMX,B
6HNW,A
6HNY,A
6HOP,A
6HOQ,A
6HOR,A
6HOT,A
6HOU,A
6HP9,A
6HP9,B
6HRP,A
6HRT,A
6HV0,A
6HVD,A
6HVE,A
6HVE,B
6HVF,A
6HVF,B
6HWT,A
6HWU,A
6HWV,A
6HX1,A
6HXF,A
6HXF,B
6HXF,C
6HXF,D
6HZU,A
6HZU,B
6HZV,A
6HZV,B
6HZV,C
6HZV,D
6I1S,A
6I2A,A
6I2B,A
6I2C,A
6I2D,A
6I2H,A
6I2P,A
6I2P,B
6I2U,A
6I2Y,A
6I2Y,B
6I5H,A
6I5I,A
6I5K,A
6I5K,B
6I5K,C
6I5L,A
6I5L,B
6I5L,C
6I82,A
6I82,B
6I83,A
6I8Z,A
6I99,A
6I99,B
6IB0,A
6IB2,A
6IG8,A
6IL3,A
6ILZ,A
6ILZ,C
6ILZ,E
6ILZ,G
6IN0,A
6INL,A
6IQN,A
6IQN,B
6ISE,A
6ISE,B
6ITJ,A
6ITJ,B
6ITT,A
6ITT,B
6ITV,A
6IUO,A
6IUP,A
6J5L,A
6J5T,A
6J5T,D
6J5T,I
6J5T,J
6J5T,M
6J5U,C
6J5V,C
6J6I,A
6J6M,A
6JGM,A
6JKM,A
6JLR,A
6JMF,A
6JOI,A
6JOJ,A
6JOK,A
6JOL,A
6JPE,A
6JPJ,A
6JQR,A
6JRJ,A
6JRK,A
6JRX,A
6JUT,A
6JUU,A
6JUX,A
6JWA,A
6JWL,A
6JX0,A
6JX4,A
6JXT,A
6JZ0,A
6K0J,A
6K3L,B
6KHD,A
6KHD,B
6KHD,C
6KHE,A
6KHF,A
6KLA,A
6KO6,B
6KZC,A
6KZD,A
6KZI,A
6L11,A
6L12,A
6L13,A
6L14,A
6L15,A
6L16,A
6L17,A
6L1Z,A
6L20,A
6L20,D
6L20,G
6L20,J
6L21,A
6L22,A
6L23,A
6L24,A
6L8L,A
6L8L,B
6L8L,C
6L8L,D
6LN1,A
6LN1,B
6LUB,A
6LUD,A
6LVK,A
6LVK,B
6LVL,A
6LVL,B
6LVM,A
6LXY,A
6LXY,B
6LXY,D
6LXY,E
6M11,A
6M11,B
6M12,A
6M12,B
6M13,A
6M13,B
6M95,A
6M9H,A
6M9L,A
6MEP,A
6MEP,B
6MM5,E
6MM6,C
6MM6,E
6MM7,A
6MM7,D
6MM8,C
6MNH,A
6MNY,A
6MOB,A
6MOM,A
6MOM,B
6MOM,C
6MOM,D
6MT0,A
6MWE,A
6MWE,B
6MX8,A
6MYN,A
6MYN,B
6MZQ,A
6MZQ,B
6MZW,A
6MZW,B
6N0P,A
6N0P,B
6N0Q,A
6N0Q,B
6N33,A
6N3L,A
6N3L,B
6N3N,A
6N3O,A
6N6O,A
6N77,A
6N77,B
6N78,A
6N79,A
6N7A,A
6N7A,B
6N7B,A
6N7C,A
6N7C,B
6N7D,A
6N8G,A
6N8G,B
6N8G,C
6N8G,D
6N9P,A
6NBS,A
6NCG,A
6NCG,B
6NE7,A
6NEC,A
6NEC,C
6NFH,A
6NFI,A
6NFY,A
6NFY,B
6NFZ,A
6NFZ,B
6NG0,A
6NG0,B
6NJA,A
6NO7,E
6NO7,G
6NO8,A
6NO9,A
6NPE,A
6NPE,B
6NPN,A
6NPN,B
6NPN,C
6NPN,D
6NPT,A
6NPU,A
6NPU,B
6NPV,A
6NPV,B
6NSL,A
6NSL,B
6NSP,A
6NSQ,A
6NSQ,B
6NSS,A
6NVG,A
6NVH,A
6NVI,A
6NVJ,A
6NVK,A
6NVL,A
6NVL,B
6NVL,C
6NVL,D
6NW2,A
6NW2,B
6NY4,A
6NYB,A
6NYB,B
6NYH,A
6NYH,B
6NZE,A
6NZE,B
6NZF,A
6NZF,B
6NZH,A
6NZH,B
6NZM,A
6NZM,D
6NZP,A
6NZP,B
6NZQ,A
6NZQ,B
6NZR,A
6NZR,B
6O5Z,B
6O6Q,A
6O6Q,B
6O8B,A
6O8B,B
6O8C,A
6O8C,B
6O8I,A
6O8U,A
6O8U,B
6O8U,C
6O8U,D
6O94,A
6O94,B
6O94,C
6O94,D
6O95,A
6O95,B
6O95,C
6O95,D
6O9D,A
6O9D,B
6O9D,C
6O9D,D
6OAV,A
6OBB,A
6OBF,A
6OBL,A
6OCC,A
6OCQ,A
6OCQ,B
6OHD,A
6OKO,A
6OKO,B
6OL2,A
6OMU,A
6OP9,A
6OPG,A
6OPH,A
6OPI,A
6OPK,A
6OQI,A
6OQL,A
6OQO,A
6OVA,A
6OYT,A
6OYT,B
6OYT,C
6OYT,D
6OYW,A
6OYW,B
6OYW,C
6OYW,D
6P1D,A
6P1D,B
6P1D,C
6P1D,D
6P1L,A
6P1L,B
6P1L,C
6P1L,D
6P3D,A
6P5M,A
6P5M,B
6P5P,A
6P5P,B
6P5P,C
6P5P,D
6P5S,A
6P68,A
6P68,B
6P68,C
6P69,A
6P69,B
6P7G,A
6P7G,B
6P7G,C
6P7G,D
6P8Q,A
6P8Q,B
6P8Q,C
6P8Q,D
6PCW,A
6PDI,A
6PDJ,A
6PDN,A
6PDO,A
6PDP,A
6PJJ,A
6PJJ,B
6PJJ,C
6PJJ,D
6PJX,A
6PK6,A
6PL1,A
6PL2,A
6PL3,A
6PL4,A
6PMA,A
6PMB,A
6PMC,A
6PME,A
6PME,B
6PME,C
6PNX,A
6PNX,B
6PP9,A
6PP9,B
6Q0J,C
6Q0J,D
6Q0T,C
6Q2A,A
6Q2A,B
6Q2A,C
6Q2A,D
6Q2A,E
6Q2A,F
6Q2A,G
6Q2A,H
6Q2A,I
6Q2A,J
6Q2A,K
6Q2A,L
6Q2A,M
6Q2A,N
6Q2A,O
6Q2A,P
6Q38,A
6Q3B,A
6Q3C,A
6Q3F,A
6Q48,A
6Q49,A
6Q4A,A
6Q4B,A
6Q4C,A
6Q4D,A
6Q4E,A
6Q4F,A
6Q4G,A
6Q4H,A
6Q4I,A
6Q4J,A
6Q4K,A
6Q4Q,A
6Q4Q,B
6Q7B,A
6Q7C,A
6Q7D,A
6Q7E,A
6Q7F,A
6Q7G,A
6Q7K,A
6Q7T,A
6Q8K,A
6Q8P,A
6Q8P,B
6Q8P,C
6QA1,A
6QA4,A
6QAG,A
6QAH,A
6QAL,A
6QAQ,A
6QAS,A
6QAS,B
6QAT,A
6QAT,B
6QAT,C
6QAT,D
6QAU,A
6QAU,B
6QAU,C
6QAV,A
6QAV,B
6QAV,C
6QAV,D
6QAW,A
6QDZ,A
6QE1,A
6QF4,A
6QFT,A
6QG4,A
6QG7,A
6QHO,A
6QHR,A
6QJ7,A
6QS5,A
6QTG,A
6QTJ,A
6QTY,A
6QU2,A
6QU2,B
6QU2,C
6QU2,D
6QXK,B
6QY7,A
6QY7,B
6QY8,A
6QY8,B
6QY8,C
6QY8,D
6QY9,A
6R3D,A
6R3S,A
6R49,A
6R4A,A
6R4B,A
6R4C,A
6R4D,A
6R5F,A
6R5F,B
6R5F,C
6R5F,D
6R6E,A
6R6X,A
6R8J,A
6RA5,A
6RA7,A
6RAA,A
6RB1,A
6RCB,A
6RCG,A
6RCH,A
6RCM,A
6RCT,A
6RCT,B
6RFE,A
6RFF,A
6RFI,A
6RFI,B
6RFJ,A
6RFJ,B
6RIJ,A
6RIJ,C
6RLN,A
6RLN,B
6RN8,A
6RN8,B
6RNA,A
6RNA,B
6RQ4,A
6RSB,A
6RSB,B
6RSC,A
6RSC,B
6RSD,A
6RSD,B
6RSE,A
6RSE,B
6RSH,A
6RSH,B
6RSR,A
6RST,A
6RSU,A
6RU6,A
6RU6,B
6RU7,A
6RU7,B
6RU8,A
6RU8,B
6RU8,C
6RU8,D
6S11,A
6S11,B
6S14,A
6S17,A
6S1B,A
6S1F,A
6S1F,B
6S1F,C
6S1F,D
6S1H,A
6S1I,A
6S1I,B
6S1I,C
6S1I,D
6S1J,A
6S73,A
6S73,B
6S73,C
6S75,A
6S75,B
6S75,C
6S89,A
6S8A,A
6S90,A
6S90,B
6S9B,A
6S9C,A
6S9D,A
6S9W,A
6S9X,A
6SD9,A
6SDC,A
6SDD,A
6SDE,A
6SFI,A
6SFJ,A
6SFK,A
6SFO,A
6SGD,A
6SGH,A
6SGI,A
6SGK,A
6SK9,A
6SLG,A
6SM8,A
6SM8,B
6SMB,A
6SMB,B
6SNN,A
6SNX,A
6SO1,A
6SO2,A
6SO4,A
6SOD,A
6SOI,A
6SOT,A
6SOU,A
6SOV,A
6SOX,A
6SP9,A
6SPL,A
6SPM,A
6SPS,A
6SPU,A
6SPY,A
6SQ1,A
6SRH,A
6SRH,B
6SSB,A
6SZE,A
6SZE,B
6SZJ,A
6SZJ,B
6SZM,A
6SZM,B
6T28,A
6T29,A
6T2W,A
6T41,A
6T6A,A
6T6A,B
6T6A,C
6T6D,A
6T6D,B
6T6D,C
6T6D,D
6T6F,A
6T6F,B
6T8N,A
6T8N,B
6T8X,A
6T8X,B
6T8X,C
6T8X,D
6T8X,E
6T8X,F
6TCA,B
6TCA,D
6TCA,F
6TCA,H
6TCU,A
6TD3,B
6TD3,E
6TD3,H
6TE2,A
6TEI,A
6TEI,B
6TEW,A
6TFP,A
6TFP,B
6TFP,C
6TFP,D
6TFP,E
6TFU,A
6TFU,B
6TFV,A
6TFV,B
6TFW,A
6TFW,B
6TFY,A
6TFY,B
6TFZ,A
6TFZ,B
6TG0,A
6TG0,B
6TG1,A
6TG1,B
6TGU,A
6THW,A
6THW,B
6THX,A
6THX,B
6THZ,A
6THZ,B
6TI8,A
6TI8,B
6TI8,C
6TI8,D
6TIA,A
6TIA,B
6TLL,A
6TLO,A
6TLP,A
6TLR,A
6TLS,A
6TLU,A
6TLV,A
6TLW,A
6TN8,A
6TN9,A
6TNB,A
6TNC,A
6TND,A
6TPA,A
6TPD,A
6TPE,A
6TPE,B
6TPF,A
6TPF,B
6TSZ,U
6TU9,A
6TU9,B
6TW2,E
6TY4,A
6TY4,B
6U0K,A
6U0K,B
6U2G,A
6U2G,B
6U2H,C
6U2H,D
6U5L,A
6U6A,A
6U7C,A
6UBW,A
6UIP,A
6UIP,B
6UIP,C
6UL8,A
6UL8,B
6UMW,A
6UNP,A
6UNP,B
6UNQ,A
6UNR,A
6UNS,A
6UNS,B
6URC,A
6URC,B
6UUO,A
6UUO,B
6UWY,A
6UWY,B
6UWY,C
6UWY,D
6UYA,A
6UYA,B
6UYA,C
6UYA,D
6V2U,A
6V2U,B
6V2W,A
6V2W,B
6V34,A
6V34,B
6V5N,A
6V5N,B
6V5N,C
6V5N,D
6V5P,A
6V5P,B
6V5P,C
6V5P,D
6V66,A
6V66,B
6V66,C
6V66,D
6V6K,A
6V6K,B
6V6K,C
6V6K,D
6V6K,E
6V6K,F
6V6K,G
6V6K,H
6V6L,A
6V6O,A
6V6O,B
6V6O,C
6V6O,D
6V6O,E
6V6O,F
6V6O,G
6V6O,H
6V6Q,A
6V6Q,B
6V6Q,C
6V6Q,D
6V9C,A
6VGL,A
6VGL,B
6VGL,C
6VGL,D
6VH4,A
6VHG,A
6VHN,A
6VHP,A
6VN8,A
6VN8,B
6VNB,A
6VNB,B
6VNC,A
6VNC,B
6VNE,A
6VNE,B
6VNF,A
6VNF,B
6VNG,A
6VNG,B
6VNH,A
6VNH,B
6VNI,A
6VNI,B
6VNJ,A
6VNJ,B
6VNK,A
6VNK,B
6VNK,C
6VNK,D
6VNL,A
6VNL,B
6VNL,C
6VNL,D
6VNM,A
6VNM,B
6VNS,A
6VNV,A
6VNX,A
6VNY,A
6VOV,A
6VOV,B
6VPG,A
6VPH,A
6VPI,A
6VPJ,A
6VPL,A
6VPL,B
6VPM,A
6VPM,B
6VQL,A
6VQL,B
6VQL,C
6VQL,D
6VQM,A
6VQM,B
6VRE,A
6VRE,B
6VRF,A
6VRF,B
6VRU,A
6VRV,A
6VS3,A
6VS3,B
6VSN,A
6VSN,B
6VSN,C
6VSN,D
6VVG,A
6VVG,B
6VXQ,A
6VXR,A
6VXU,A
6VXU,B
6VXU,C
6VXU,D
6VZH,B
6VZH,D
6W06,A
6W07,A
6W39,A
6W39,B
6W3A,A
6W3A,B
6W3E,A
6W3E,B
6W3K,A
6W7O,A
6W7O,B
6W8I,C
6W8L,A
6W9E,A
6WA2,A
6WA2,B
6WA2,C
6WA2,D
6WAK,A
6WAK,B
6WAK,C
6WAK,D
6WIW,A
6WIW,B
6WPP,A
6WPP,B
6WQX,C
6WQX,D
6WTN,A
6WTO,A
6WTP,A
6WTQ,A
6WXJ,A
6WXN,B
6WXN,C
6WXN,D
6X3N,A
6X3O,A
6X3O,B
6X3P,A
6X5G,A
6X8E,A
6X8E,B
6X8F,A
6X8F,C
6X8G,A
6XBZ,J
6XD3,J
6XDB,A
6XDD,A
6XDD,B
6XDF,A
6XE4,A
6XFP,A
6XI8,A
6XIH,A
6XIH,B
6XJK,A
6XL4,A
6XL4,B
6XL4,D
6XLO,A
6XLO,B
6XV9,A
6XV9,B
6XVA,A
6XVA,B
6XVB,A
6XVB,B
6XVJ,A
6XVK,A
6XX7,A
6Y05,A
6Y0A,A
6Y0B,A
6Y2O,A
6Y2U,A
6Y4T,A
6Y4U,A
6Y4V,A
6Y4W,A
6Y4X,A
6Y6F,A
6Y6H,A
6Y6V,A
6Y7W,A
6Y7X,A
6Y7Y,A
6Y7Z,A
6Y80,A
6Y81,A
6Y82,A
6Y85,A
6Y89,A
6Y8C,A
6Y8H,A
6Y9R,A
6Y9S,A
6Y9S,B
6YA6,A
6YA7,A
6YA8,A
6YAT,A
6YAT,B
6YCU,A
6YCW,A
6YF8,A
6YF8,B
6YF8,C
6YF8,D
6YG2,A
6YG3,A
6YG4,A
6YG5,A
6YG6,A
6YG6,B
6YG7,A
6YG7,B
6YI8,A
6YI8,B
6YID,A
6YID,B
6YID,C
6YID,D
6YJC,A
6YK7,A
6YKD,A
6YKY,A
6YKY,B
6YKY,C
6YKY,D
6YL1,A
6YLC,A
6YLC,B
6YLC,C
6YLC,D
6YLK,A
6YLL,A
6YNA,A
6YNB,A
6YNC,A
6YNR,A
6YNT,A
6YOJ,A
6YOT,A
6YOU,A
6YPG,A
6YPH,A
6YPH,B
6YPJ,A
6YPN,B
6YPP,A
6YPS,A
6YQ1,A
6YQ1,B
6YQ1,C
6YQ1,D
6YQI,A
6YQJ,A
6YQK,A
6YR9,A
6YR9,B
6YR9,C
6YR9,D
6YT6,A
6YT6,B
6YTA,A
6YTD,A
6YTE,C
6YTG,A
6YTI,A
6YTW,A
6YTW,B
6YTY,A
6YU1,A
6YU1,C
6YUL,A
6YUL,G
6YUM,A
6YUM,G
6YVS,A
6YVS,B
6YVS,C
6YVS,D
6YVY,A
6YVY,B
6YVY,C
6YVY,D
6YXV,A
6YXV,B
6YXV,C
6YXV,D
6YZ4,A
6YZH,A
6Z08,A
6Z19,B
6Z1C,A
6Z1Q,A
6Z1Q,B
6Z1T,A
6Z1T,B
6Z2V,A
6Z36,A
6Z36,B
6Z45,A
6Z4B,A
6Z4B,B
6Z4D,A
6Z4D,B
6Z4X,B
6Z4X,E
6Z4Y,A
6Z4Z,A
6Z4Z,B
6Z4Z,C
6Z50,A
6Z51,A
6Z52,A
6Z52,B
6Z53,A
6Z54,A
6Z55,A
6Z55,B
6Z56,A
6Z57,A
6Z58,A
6Z59,A
6Z5A,A
6Z5B,A
6Z5C,A
6Z5D,A
6Z5E,A
6Z83,A
6Z83,B
6Z84,A
6Z84,B
6ZC0,A
6ZCP,A
6ZCQ,A
6ZCR,A
6ZCS,A
6ZCU,A
6ZCX,A
6ZCY,A
6ZGC,A
6ZGC,B
6ZGC,C
6ZGC,D
6ZIW,I
6ZJF,A
6ZLN,A
6ZN0,A
6ZQS,A
6ZR5,A
6ZR5,B
6ZWP,A
6ZWR,A
7A1B,A
7A1Z,A
7A21,A
7A21,B
7A22,A
7A2A,A
7A2A,B
7A2H,A
7A49,A
7A49,B
7A4B,A
7A4B,B
7A4C,A
7A4C,B
7A4O,A
7A4O,B
7A4Q,A
7A4R,A
7A4R,B
7A4S,A
7A4W,A
7A4W,B
7A4Z,A
7A51,A
7A52,A
7A52,B
7A53,A
7A53,B
7A55,A
7A55,B
7A5B,A
7A5B,B
7A5D,A
7A5L,A
7A5N,A
7A5N,B
7A6I,A
7A6J,A
7A6J,B
7A6K,A
7A6K,B
7A6K,C
7A6K,D
7AAX,A
7AAY,A
7AAZ,A
7AB1,A
7AB2,A
7ACK,A
7ACK,C
7AEI,A
7AEM,A
7AH3,A
7AH3,B
7AJ2,A
7AJ4,A
7AJ5,A
7AJ7,A
7AJ8,A
7AJA,A
7AJM,A
7AJM,B
7AJS,A
7AJS,B
7AJV,A
7AJV,B
7AJW,A
7AJY,A
7AJY,B
7AK2,A
7AK2,B
7AK3,A
7AKA,A
7AKA,B
7AKB,A
7AKB,B
7AKE,A
7AKE,B
7AKF,A
7AKG,A
7AKH,A
7AKL,A
7AKM,A
7AKO,A
7AKO,B
7APF,A
7APF,B
7APG,A
7APG,B
7APG,C
7APG,D
7AT5,A
7AT5,B
7AT9,A
7ATS,A
7ATU,A
7ATU,B
7ATU,C
7ATU,D
7ATV,A
7AUV,A
7AVQ,A
7AVX,A
7AVX,B
7AVY,A
7AVZ,A
7AW0,A
7AW1,A
7AW2,A
7AW3,A
7AW4,A
7AW4,B
7AX4,A
7AX4,B
7AXT,A
7AXV,A
7AXW,A
7AY9,A
7AY9,B
7AYA,A
7AYA,B
7AYH,A
7AYI,A
7AYM,A
7B30,A
7B31,A
7B32,A
7B33,A
7B34,A
7B35,A
7B35,B
7B36,A
7B36,C
7B3M,A
7B3M,B
7B3Q,A
7B3T,A
7B3V,A
7B3W,A
7B3Z,A
7B40,A
7B41,A
7B42,A
7B43,A
7B43,B
7B44,A
7B56,B
7B57,B
7B5O,J
7B5Q,J
7B6F,A
7B7R,A
7B7R,B
7B7S,A
7B7S,C
7B85,A
7B8H,A
7B8W,A
7B8W,B
7B8W,C
7B8W,D
7B94,A
7B94,B
7B9L,A
7B9L,B
7BAQ,A
7BAR,A
7BB0,A
7BCM,A
7BCM,B
7BDO,A
7BDQ,A
7BE4,A
7BE5,A
7BE6,A
7BJD,A
7BJE,A
7BJH,A
7BJJ,A
7BJM,A
7BJO,A
7BJR,A
7BJX,A
7BJX,B
7BK1,A
7BK2,A
7BK3,A
7BKN,A
7BKO,A
7BMK,A
7BMK,B
7BTT,A
7BU4,A
7C2V,A
7C2V,B
7C2V,C
7C2V,D
7C2W,A
7C2W,B
7C2W,C
7C2W,D
7C3G,A
7C3G,B
7C3N,A
7CBX,A
7CC2,A
7CC2,B
7CCU,A
7CCV,A
7CCW,A
7CHM,A
7CHN,A
7CHT,A
7CIL,A
7CJA,A
7CLH,A
7CMB,A
7CP3,A
7CP4,A
7CQE,A
7CQE,C
7CTV,A
7CTV,B
7CTX,A
7CTX,B
7D57,A
7D57,B
7D5O,A
7D5O,B
7DG4,A
7DH3,A
7DH9,A
7DHC,A
7DHH,A
7DHK,A
7DHL,A
7DHN,A
7DHO,A
7DHV,A
7DJO,A
7DL6,A
7DSY,A
7DSY,B
7DT2,A
7DT2,B
7DTS,A
7DTS,B
7DTZ,A
7DU8,A
7DU8,B
7DU9,A
7DU9,B
7DUA,A
7DUA,B
7DV6,A
7DXL,A
7DXL,B
7E0Z,A
7E11,A
7E12,A
7EJV,A
7EJV,B
7ELW,A
7ELW,B
7ER2,A
7F2X,A
7F3G,A
7F3G,B
7F3M,A
7F7W,A
7F7W,B
7FCZ,A
7FCZ,B
7FD0,A
7FD0,B
7FEH,A
7FHS,A
7FHS,B
7FHS,C
7FHS,D
7FHT,A
7FHT,B
7FHT,C
7FHT,D
7FIC,A
7JHG,A
7JNT,A
7JNT,B
7JNT,C
7JNT,D
7JNT,E
7JNT,F
7JNT,G
7JNT,H
7JOU,A
7JOV,A
7JOV,B
7JOV,C
7JOV,D
7JOV,E
7JOV,F
7JOV,G
7JOV,H
7JU5,A
7JU5,B
7JU6,A
7JU6,B
7JUQ,B
7JUQ,C
7JUR,B
7JUR,C
7JUS,B
7JUS,C
7JUT,B
7JUT,C
7JUU,B
7JUU,C
7JUV,B
7JUV,C
7JUW,B
7JUW,C
7JUX,A
7JUX,C
7JUY,B
7JUY,C
7JUZ,A
7JUZ,C
7JV0,A
7JV0,C
7JV1,C
7JV1,D
7JXH,A
7JXH,B
7JXH,C
7JXH,D
7JXH,E
7JXH,F
7JXH,G
7JXH,H
7JXI,A
7JXI,B
7JXI,C
7JXI,D
7JXK,A
7JXK,B
7JXK,C
7JXK,D
7JXK,E
7JXK,F
7JXL,A
7JXL,B
7JXL,C
7JXL,D
7JXM,A
7JXM,B
7JXM,C
7JXM,D
7JXP,A
7JXP,B
7JXP,C
7JXP,D
7JXP,E
7JXP,F
7JXQ,A
7JXQ,B
7JXQ,C
7JXQ,D
7JXW,A
7JXW,B
7JXW,C
7JXW,D
7JXX,A
7JXY,A
7JXY,B
7JY4,A
7JYO,A
7JYQ,A
7JYR,A
7JYS,A
7JYT,A
7K0V,A
7K0V,B
7K0V,C
7K0V,D
7K1H,A
7K1H,B
7K1H,C
7K1H,D
7K1H,E
7K1H,F
7K1I,A
7K7L,A
7K7O,A
7K7O,B
7K7Q,A
7K7Q,B
7K7Z,A
7KAC,A
7KAC,B
7KHG,A
7KHJ,A
7KHJ,B
7KHK,A
7KHK,B
7KIA,A
7KIA,B
7KIE,A
7KIE,B
7KJA,A
7KJA,B
7KJC,A
7KJC,B
7KJS,A
7KL0,A
7KL0,B
7KP6,A
7KP6,B
7KPM,A
7KSI,A
7KSJ,A
7KSK,A
7KUE,A
7KX6,A
7KX6,B
7KX8,A
7KX8,B
7KXL,A
7KXM,A
7KXN,A
7KXO,A
7KXP,A
7KXQ,A
7KXW,A
7KXW,B
7KXZ,A
7KY0,A
7KY0,B
7KY0,C
7KY0,D
7L1X,A
7L24,A
7L24,B
7L24,C
7L24,D
7L25,A
7L25,B
7L26,A
7L26,B
7L26,C
7L26,D
7L5O,A
7L5P,A
7L5P,B
7LG8,A
7LG8,B
7LG8,C
7LG8,D
7LGS,A
7LGS,B
7LGS,C
7LGS,D
7LHT,A
7LHT,B
7LHW,A
7LI3,A
7LI4,A
7LL4,A
7LL5,A
7LQD,A
7LTX,A
7LTX,B
7LTX,C
7LTX,D
7LTY,A
7LTZ,A
7LV3,A
7LV3,B
7LVH,A
7LVH,B
7LVI,A
7LVI,B
7M0K,A
7M0K,B
7M0K,C
7M0K,D
7M0L,A
7M0L,B
7M0L,C
7M0L,D
7M0M,A
7M0M,B
7M0T,A
7M0T,B
7M0U,A
7M0U,B
7M0V,A
7M0V,B
7M0W,A
7M0W,B
7M0X,A
7M0X,B
7M0Y,A
7M0Y,B
7M0Z,A
7M0Z,B
7M2F,A
7M5Z,A
7M5Z,B
7M74,A
7MCK,A
7MF0,A
7MFC,A
7MFD,B
7MFF,A
7MFF,B
7MGJ,A
7MGJ,B
7MGJ,C
7MGJ,D
7MGK,A
7MGK,B
7MGK,C
7MGK,D
7MKX,A
7MKX,C
7MON,A
7MON,B
7MP9,A
7MT8,G
7MT9,G
7MTA,G
7MTB,G
7MU7,A
7MU7,B
7MX3,A
7MX3,B
7MX3,C
7MX3,D
7MXJ,A
7MXK,A
7MYJ,A
7MYJ,C
7N3U,A
7N4Q,A
7N4R,A
7N4S,A
7N5O,A
7N5R,A
7N5X,A
7N5Y,A
7N8T,A
7N91,A
7N91,B
7N93,A
7N93,B
7N9G,A
7N9G,B
7N9G,C
7NAA,A
7NAA,B
7NAA,C
7NAA,D
7NCF,A
7NG7,A
7NH4,A
7NH5,A
7NNS,B
7NQQ,A
7NQW,A
7NR3,A
7NR5,A
7NR8,A
7NR9,A
7NRB,A
7NRY,X
7NTH,A
7NTI,A
7NVQ,A
7NWK,A
7NXJ,A
7NXJ,C
7NXK,A
7NXK,C
7NZN,A
7NZY,A
7NZY,B
7NZY,C
7NZY,D
7O2V,A
7O7J,A
7O7K,A
7O7K,B
7O9Y,A
7OA0,A
7OAI,A
7OAI,B
7OAI,C
7OAI,D
7OAJ,A
7OAJ,B
7OAJ,C
7OAJ,D
7OAK,A
7OAK,B
7OAK,C
7OAK,D
7OAL,A
7OAL,B
7OAL,C
7OAL,D
7OAM,B
7OLS,A
7OLV,A
7OLX,A
7OOV,A
7OPG,A
7OPG,B
7OPG,C
7OPM,A
7OPO,A
7OPO,C
7OPO,E
7OPO,G
7OPO,I
7OPO,K
7OPS,A
7ORE,A
7ORF,A
7OTE,A
7OTE,B
7OVI,A
7OVJ,A
7OVK,A
7OVL,A
7OVM,A
7OVN,A
7OXB,A
7OY5,A
7OY5,B
7OY6,C
7OZB,A
7OZB,B
7OZD,A
7OZD,B
7OZF,A
7OZF,B
7OZY,A
7OZY,B
7P1L,A
7P1L,B
7P3V,A
7P3V,B
7P6N,A
7P6N,B
7P6N,C
7P6N,D
7P6N,E
7P6N,F
7P6N,G
7P6N,H
7P7F,A
7P7F,B
7P7F,C
7P7F,D
7P7G,A
7P7G,B
7P7H,A
7P7H,B
7PCD,A
7PID,A
7PIE,A
7PIF,A
7PIG,A
7PIH,A
7PNS,A
7PQS,A
7PQS,B
7PQV,A
7PT6,8
7PT6,H
7PT7,8
7PUE,A
7PUS,A
7PVU,B
7PWD,A
7Q4A,A
7Q4A,B
7Q52,A
7Q6H,A
7Q7C,A
7Q7D,A
7Q7E,A
7Q7I,A
7Q7K,A
7Q7L,A
7Q7W,A
7Q8V,A
7Q8W,A
7Q8Y,A
7Q8Y,B
7Q8Z,A
7Q8Z,B
7Q90,A
7Q90,B
7QB2,A
7QFM,A
7QG1,A
7QG1,B
7QG2,A
7QG2,B
7QG2,C
7QG2,D
7QG3,A
7QG3,B
7QG5,A
7QG5,B
7QGB,A
7QGC,A
7QGD,A
7QGE,A
7QGP,A
7QHG,A
7QHG,B
7QHL,A
7QHL,C
7QHW,A
7QHW,C
7QQ6,A
7QQ6,B
7QQ6,C
7QQ6,D
7QR9,A
7QR9,B
7QR9,C
7QR9,D
7QRA,A
7QRA,B
7QRA,C
7QRA,D
7QRB,A
7QRB,B
7QRB,C
7QRB,D
7QUE,A
7QUE,B
7QUF,A
7QUF,B
7QUX,A
7QWK,A
7QWK,B
7QWK,C
7QWK,D
7QWK,E
7QWK,F
7QWK,G
7QWK,H
7R60,A
7R61,A
7R7K,A
7R7R,A
7R9L,A
7R9N,A
7R9N,B
7R9P,A
7R9P,B
7R9T,A
7R9T,B
7RA5,A
7REE,A
7RJ6,A
7RJ6,B
7RJ7,A
7RJ7,B
7RJ8,A
7RJ8,B
7RN6,A
7RUN,A
7RUN,B
7RWE,A
7RWF,A
7RXO,A
7S1N,A
7S25,A
7S25,B
7S25,C
7S26,A
7S26,B
7S26,C
7S46,A
7S47,A
7S4T,A
7S6U,A
7S6V,A
7S7A,A
7S84,A
7S85,A
7S9X,A
7SA0,A
7SHV,A
7SHV,B
7SIU,A
7SIU,B
7SJ3,A
7SQM,A
7SUF,A
7SUG,A
7SUH,A
7SUI,A
7SUJ,A
7SUJ,B
7SXF,A
7SXG,A
7SXH,A
7SXJ,A
7SZA,A
7SZA,C
7SZB,A
7SZB,C
7SZC,A
7SZC,C
7SZD,A
7SZD,C
7SZR,A
7SZR,B
7T0P,A
7T0P,B
7T1T,A
7T4I,A
7T4J,A
7T4J,B
7T4T,A
7T4T,B
7T4U,A
7T4U,B
7T4V,A
7T4V,B
7T4W,A
7T4W,B
7T6F,A
7T6F,B
7TEU,A
7TNH,A
7U2Z,A
7U2Z,B
7U31,A
7U31,B
7U33,A
7U33,B
7U36,A
7U36,B
7U98,A
7U98,B
7U98,C
7U98,D
7U99,A
7U9A,A
7UG1,A
7UGB,A
7UIR,A
7UIR,B
7UJP,A
7UJP,B
7UJQ,A
7UJQ,B
7UJS,A
7UJT,A
7UJX,E
7UKV,A
7UKW,B
7UKW,C
7UKZ,A
7UKZ,B
7UKZ,C
7UKZ,D
7UKZ,E
7UKZ,F
7UMB,B
7UMB,C
7UOS,A
7UP4,A
7UP4,B
7UP5,A
7UP5,B
7UP6,A
7UP7,A
7UP7,B
7UP8,A
7UP8,B
7UY0,A
7UY0,B
7UY3,A
7UYR,A
7UYS,A
7UYT,A
7UYU,A
7UYV,A
7UYV,B
7UYV,C
7UYV,D
7UYW,A
7V0G,E
7V29,A
7V29,B
7V3R,A
7V3S,A
7V3V,H
7VDP,A
7VDP,B
7VDQ,A
7VDQ,B
7VDR,A
7VDR,B
7VDS,A
7VDU,A
7VJL,A
7VJL,B
7VKN,A
7VKO,A
7VRA,A
7VRE,A
7VTO,A
7VTO,B
7W5C,A
7W5O,A
7W5O,B
7W7X,A
7W7X,B
7W7Y,A
7W7Y,B
7WCL,A
7WCL,B
7WCT,A
7WCW,A
7WCX,A
7WF5,A
7WF5,B
7X4H,A
7X4U,A
7XAF,A
7XBI,A
7XC1,A
7XC1,B
7XDV,A
7XDV,B
7XDW,A
7XDW,B
7XDX,A
7XDX,B
7XDY,A
7XDY,B
7XHY,A
7XLP,A
7XMK,A
7XMK,B
7XNC,A
7XSV,A
7XYH,A
7XYH,B
7XZR,A
7XZR,B
7Y1G,A
7Y1G,B
7Y4T,A
7Y4U,A
7YAW,A
7YAW,B
7YAW,C
7YAW,D
7YAZ,A
7YBO,A
7YBP,A
7YBX,A
7YC1,A
7YC3,A
7YC9,A
7YDX,A
7YDX,B
7YL1,A
7Z1F,A
7Z1F,B
7Z1G,A
7Z39,A
7Z4V,A
7Z5N,A
7Z5N,B
7Z5N,C
7Z5N,D
7Z5N,E
7Z5N,F
7Z5N,G
7Z5N,H
7Z5W,A
7Z5W,B
7Z5X,A
7Z5X,B
7Z6I,A
7Z6U,A
7Z9T,A
7Z9T,B
7ZH8,A
7ZH8,B
7ZH8,C
7ZH8,D
7ZHN,A
7ZHO,A
7ZHP,A
7ZHQ,A
7ZKS,A
7ZKX,A
7ZPC,A
7ZTL,A
7ZUN,A
7ZVS,A
7ZVS,B
7ZW8,A
7ZWE,A
7ZWG,A
7ZY0,A
7ZY2,A
7ZY5,A
7ZY5,B
7ZY6,A
7ZY8,B
7ZYD,A
7ZYK,A
7ZYM,A
7ZYN,A
7ZYO,A
7ZYP,A
7ZYQ,A
7ZYQ,B
7ZYR,A
8A27,A
8A2A,A
8A2B,A
8A2D,A
8A5J,A
8A5J,B
8A66,A
8A66,B
8A8M,A
8A8M,B
8AAU,L
8ACM,A
8ACO,A
8AE7,A
8AEC,A
8AEK,A
8AEM,A
8AFR,A
8AHG,A
8AHH,A
8AHI,A
8AK3,A
8AN8,A
8AN8,B
8ANS,A
8AO2,A
8AO3,A
8AO4,A
8AO5,A
8AO6,A
8AO7,A
8AO8,A
8AO9,A
8AOA,A
8AOB,A
8AOC,A
8AOD,A
8AOE,A
8AOF,A
8AOG,A
8AOH,A
8AOI,A
8AOJ,A
8ARJ,A
8ATB,A
8ATB,B
8ATL,A
8ATL,B
8ATN,A
8ATN,B
8AU3,A
8AU3,B
8AU5,A
8AUZ,A
8AUZ,B
8AV1,A
8AV1,B
8AW1,A
8AW1,B
8B54,A
8B54,C
8B8N,A
8B8U,A
8B8U,B
8B99,A
8B9E,A
8B9H,A
8BA2,A
8BA3,A
8BA4,A
8BAB,A
8BAK,A
8BEM,A
8BEM,B
8BEM,D
8BEM,G
8BFM,A
8BFS,A
8BGC,A
8BGC,B
8BI2,A
8BIN,A
8BIO,A
8BJT,A
8BJU,A
8BK0,A
8BM2,A
8BM2,B
8BOC,A
8BOD,A
8BOF,A
8BOG,A
8BOH,A
8BOI,A
8BOK,A
8BOM,A
8BPV,A
8BPW,A
8BPW,B
8BR5,A
8BR5,B
8BR5,C
8BR5,D
8BR6,A
8BR6,B
8BR7,A
8BR7,B
8BU1,B
8BU1,E
8BU1,H
8BU2,B
8BU2,H
8BU3,B
8BU3,E
8BU3,H
8BU4,B
8BU4,E
8BU4,H
8BU5,B
8BU5,E
8BU5,H
8BU6,B
8BU6,E
8BU6,H
8BU7,E
8BU9,B
8BU9,E
8BU9,H
8BUA,B
8BUA,E
8BUA,H
8BUB,B
8BUB,E
8BUB,H
8BUC,B
8BUC,E
8BUC,H
8BUD,B
8BUD,H
8BUE,B
8BUE,E
8BUE,H
8BUF,B
8BUF,E
8BUF,H
8BUG,B
8BUH,B
8BUH,E
8BUH,H
8BUI,B
8BUI,E
8BUI,H
8BUJ,B
8BUJ,E
8BUJ,H
8BUK,B
8BUK,E
8BUK,H
8BUL,B
8BUL,E
8BUL,H
8BUM,B
8BUM,E
8BUM,H
8BUN,B
8BUN,E
8BUN,H
8BUO,B
8BUO,E
8BUO,H
8BUP,B
8BUP,E
8BUP,H
8BUQ,B
8BUQ,E
8BUQ,H
8BUR,B
8BUR,E
8BUR,H
8BUS,B
8BUS,E
8BUS,H
8BUT,B
8BUT,E
8BUT,H
8BW9,C
8BX6,A
8BX9,A
8BX9,B
8BXC,A
8BXC,B
8BXH,A
8BZI,A
8BZJ,A
8BZJ,B
8BZP,A
8BZP,B
8C08,A
8C08,B
8C0A,A
8C0A,B
8C14,A
8C15,A
8C1D,A
8C1E,A
8C1F,A
8C1G,A
8C1H,A
8C1I,A
8C1K,A
8C1M,A
8C2Z,A
8C3G,A
8C3G,B
8C3G,C
8C3G,D
8C3Q,A
8C3Q,B
8C3R,A
8C3R,B
8C5Q,A
8C5Q,B
8C7W,A
8C7X,A
8C7X,B
8C7Y,A
8C7Y,B
8C7Z,A
8CDW,A
8CDW,B
8CGC,A
8CHF,A
8CHF,B
8CIE,A
8CIJ,A
8CUR,A
8D6C,A
8D6C,B
8D6D,A
8D6D,B
8D6E,A
8D6E,B
8D6F,A
8D6F,B
8D73,A
8D73,B
8D76,A
8D76,B
8DEG,A
8DGS,A
8DGS,B
8DGT,A
8DGT,B
8DJC,A
8DJC,B
8DJD,A
8DJD,B
8DJE,A
8DJE,B
8DKS,A
8DKS,B
8DQT,A
8DSO,B
8DSW,A
8E1X,A
8E1X,B
8E2M,A
8E4T,A
8E80,A
8E81,A
8EDH,A
8EFJ,A
8EJB,A
8ELC,A
8EM8,A
8EME,B
8ENJ,A
8EQ5,A
8EQ9,A
8EQD,A
8EQE,A
8ERD,A
8ERN,A
8EWY,A
8EWY,B
8EX0,A
8EX1,A
8EX2,A
8F1H,A
8F1W,A
8F1W,B
8F1W,C
8F1W,D
8F1X,A
8F1Y,A
8F1Z,A
8F7O,A
8F7O,B
8F7P,A
8F7P,B
8FD9,A
8FE2,A
8FE2,B
8FE5,A
8FE5,B
8FE9,A
8FEC,A
8FEC,B
8FF0,A
8FF8,A
8FF8,B
8FH4,A
8FH4,B
8FH4,C
8FH4,D
8FJZ,A
8FJZ,B
8FJZ,C
8FJZ,D
8FJZ,E
8FJZ,F
8FKO,A
8FKO,B
8FKO,C
8FKO,D
8FKO,E
8FLG,A
8FLH,A
8FLL,A
8FLN,A
8FLV,A
8FO2,E
8FO7,C
8FO8,C
8FO8,E
8FO9,A
8FO9,C
8FO9,E
8FO9,F
8FOW,A
8FP0,A
8FP1,A
8FP3,A
8FP5,A
8FV3,A
8FV3,B
8FV3,C
8FV3,D
8FV4,A
8FV4,C
8FV4,D
8G63,A
8G6Z,A
8G6Z,B
8G8O,A
8G8O,B
8G8X,A
8G8X,B
8GB4,A
8GB4,B
8GB4,C
8GB4,D
8GC7,A
8GC8,A
8GDS,A
8GDS,B
8GDS,C
8GDS,D
8GMB,A
8GMC,A
8GMC,B
8GMD,A
8GMD,B
8GUW,A
8GUW,B
8GUW,C
8GVJ,A
8H4R,A
8H59,A
8H6P,A
8H6T,A
8H75,A
8H75,B
8H75,C
8H75,D
8H7F,A
8H7F,B
8H7H,A
8H7H,B
8H7X,A
8HAQ,A
8HAQ,B
8HLT,A
8HLT,B
8HMT,A
8HMT,B
8HMT,C
8HMT,D
8HOA,A
8HOD,A
8HV1,A
8HV2,A
8HV3,A
8HV4,A
8HV5,A
8HV6,A
8HV7,A
8HV8,A
8HV9,A
8HVA,A
8HY7,A
8I0L,A
8I0M,A
8I2N,A
8I2N,B
8IE5,A
8IE6,A
8IE7,A
8IE8,A
8J5W,A
8J5X,A
8J61,A
8J63,A
8JF3,A
8JF3,B
8JF4,A
8JMX,A
8JMZ,A
8JMZ,B
8JOT,A
8JPB,G
8JPC,G
8JPD,G
8JUP,A
8JUV,A
8K5R,A
8OF5,A
8OKU,A
8OKU,B
8ORM,J
8OUR,A
8OUS,A
8OUT,A
8OUU,A
8OUU,B
8OUV,A
8OUV,B
8OV7,A
8OVZ,A
8OVZ,B
8OW3,A
8OWG,A
8OWG,B
8OWG,C
8OY2,A
8P04,A
8P05,A
8P05,B
8P06,A
8P06,B
8P07,A
8P07,B
8P08,A
8P4Z,A
8P4Z,B
8P6V,J
8P6W,J
8P6X,J
8P6Y,J
8P6Z,J
8P70,J
8P71,J
8P72,J
8P73,J
8P74,J
8P75,J
8P76,J
8P77,J
8P78,J
8P7J,A
8P7J,B
8P7L,J
8P81,A
8PLZ,J
8PM3,A
8PM3,B
8PM3,C
8PM3,D
8PQ9,A
8PQ9,C
8PQA,A
8PQA,C
8PQB,A
8PQC,A
8PQC,B
8PQD,A
8PQD,B
8PQE,A
8PQE,B
8PQF,A
8PQF,C
8PQG,A
8PQG,C
8PQH,A
8PQI,A
8PVO,A
8PVO,B
8PVP,A
8PVP,B
8PYI,A
8PYI,B
8PYI,C
8PYI,D
8PYI,E
8PYI,F
8PYI,G
8PYI,H
8PYJ,A
8PYK,A
8PYL,A
8PYM,A
8PYN,A
8Q1Z,A
8Q61,A
8Q77,A
8Q9S,A
8QBU,A
8QCD,A
8QCG,A
8QCG,B
8QEL,B
8QF1,A
8QLQ,A
8QLR,A
8QLR,B
8QLS,A
8QLT,A
8QQG,A
8QQG,B
8QQG,C
8QQY,A
8QWY,A
8QWY,B
8QWZ,A
8QWZ,B
8R10,A
8R18,A
8R1N,A
8R1P,A
8R1T,A
8R4O,A
8R4O,C
8R4O,E
8R4O,G
8R4O,I
8R4O,K
8R4Q,A
8R4Q,C
8R4Q,E
8R4Q,G
8R4Q,I
8R4Q,K
8R4U,A
8R4U,C
8R4U,E
8R4U,G
8R4V,A
8R4V,B
8R4V,C
8R7G,A
8R7G,B
8R7G,C
8R7G,D
8RDK,A
8S3X,A
8S3X,B
8S3X,C
8S3X,D
8S93,A
8S98,A
8S98,B
8S98,C
8S99,A
8S99,B
8S99,C
8S9A,A
8S9A,B
8S9A,C
8S9F,A
8S9F,B
8SF8,A
8SIV,A
8SIW,A
8SIW,B
8SIX,A
8SMC,C
8SOR,A
8SSN,A
8SSN,B
8SSO,A
8SSO,D
8SSP,A
8STG,A
8STG,B
8SV9,A
8SV9,B
8SWE,A
8SWE,B
8TB5,A
8TB5,B
8TB6,A
8TB6,B
8TJL,A
8TUC,A
8TXY,A
8TXY,B
8TXZ,A
8TYQ,A
8TZB,A
8TZC,A
8TZE,A
8TZF,A
8TZG,A
8TZH,A
8U1F,A
8U1F,B
8U2D,A
8U2E,A
8U2O,A
8U2O,B
8U37,A
8U7H,C
8U7L,A
8U7L,B
8U8A,B
8U8A,C
8U8B,A
8U8B,B
8U8J,A
8U8K,A
8UAK,A
8UAP,A
8UAQ,A
8UDT,A
8UDT,B
8UDT,C
8UDU,A
8UDU,B
8UDV,A
8UDV,B
8UDV,C
8UV0,A
8UYH,A
8UYH,B
8UYI,A
8UYI,B
8VQ3,A
8VQ4,A
8WD4,A
8WGF,A
8WJY,A
8WM0,A
8WSW,A
8WSW,B
8WSW,C
8WSW,D
8WTF,A
8X2A,A
8X5K,A
8X5L,A
8X5L,B
8X5M,A
8X72,A
8XFM,A
8XFY,A
8XFY,B
8XFY,C
8XFY,D
8XFY,E
8XFY,F
8XFY,G
8XFY,H
8XFY,I
8XFY,J
8XLO,A
8XLO,B
8XLQ,A
8XN8,A
8XOV,A
8XOX,A
8XPV,A
8YGW,A
8YHF,A
8YHL,A
8YHW,A
8YHW,B
8YHW,C
8YHW,D
9AV7,A
